UPN,N_Y,E_X,Elv_Z,source_file,Source,Date_Scanned,Unnamed: 6,Unnamed: 7,Unnamed: 8,Unnamed: 9,Unnamed: 10,Unnamed: 11,Unnamed: 12,Unnamed: 13,Unnamed: 14,Data_Scanned ,id,hammeringStatus,positioningTime,hammeringTime,headHeight,finishedAt,reachedAt,machine
500181,365854.477,2260031.89,889.036,BS-INV-19-S06 Non Array.csv,,,,,,,,,,,,,500181,COMPLETED,,0.001935336,271.9247498,2025-12-03 13:37:01,,Doyle-2500-011 - Machine 2
500182,365854.463,2260040.63,889.147,BS-INV-19-S06 Non Array.csv,,,,,,,,,,,,,500182,COMPLETED,,0.001379213,271.96434,2025-12-03 13:25:53,,Doyle-2500-011 - Machine 2
500183,365854.515,2260045.95,889.006,BS-INV-19-S06 Non Array.csv,,,,,,,,,,,,,500183,COMPLETED,,0.001870521,272.0125315,2025-12-03 13:18:11,,Doyle-2500-011 - Machine 2
500184,365854.56,2260051.08,888.996,BS-INV-19-S06 Non Array.csv,,,,,,,,,,,,,500184,COMPLETED,,0.000960197,272.036511,2025-12-03 13:07:55,,Doyle-2500-011 - Machine 2
500185,365854.519,2260058.65,889.068,BS-INV-19-S06 Non Array.csv,,,,,,,,,,,,,500185,COMPLETED,,0.015428137,272.1485409,2025-12-03 13:00:16,,Doyle-2500-011 - Machine 2
500186,365854.532,2260064.67,889.079,BS-INV-19-S06 Non Array.csv,,,,,,,,,,,,,500186,COMPLETED,,0.003995891,272.1601273,2025-12-03 11:58:03,,Doyle-2500-011 - Machine 2
500187,365858.135,2260064.61,889.105,BS-INV-19-S06 Non Array.csv,,,,,,,,,,,,,500187,COMPLETED,,0.001247662,272.1968688,2025-12-03 14:32:08,,Doyle-2500-011 - Machine 2
500188,365858.165,2260058.61,888.877,BS-INV-19-S06 Non Array.csv,,,,,,,,,,,,,500188,COMPLETED,,0.000739421,272.1341257,2025-12-03 14:22:22,,Doyle-2500-011 - Machine 2
500189,365858.169,2260051.1,889.01,BS-INV-19-S06 Non Array.csv,,,,,,,,,,,,,500189,COMPLETED,,0.001070706,272.0775178,2025-12-03 14:14:49,,Doyle-2500-011 - Machine 2
500190,365858.185,2260046.05,889.129,BS-INV-19-S06 Non Array.csv,,,,,,,,,,,,,500190,COMPLETED,,0.000888194,272.0568882,2025-12-03 14:05:42,,Doyle-2500-011 - Machine 2
500191,365858.165,2260040.66,889.095,BS-INV-19-S06 Non Array.csv,,,,,,,,,,,,,500191,COMPLETED,,0.001396412,271.9951113,2025-12-03 13:57:56,,Doyle-2500-011 - Machine 2
500192,365858.023,2260031.78,888.937,BS-INV-19-S06 Non Array.csv,,,,,,,,,,,,,500192,COMPLETED,,0.001949271,271.9664481,2025-12-03 13:50:49,,Doyle-2500-011 - Machine 2
400206,365560.979,2260391.372,892.76,BS_INV-19_S06.csv,BS_INV-19_T_S06,1/6/2025,,,,,,,,,,,400206,COMPLETED,,0.001295532,272.1236682,2025-12-06 13:38:57,,Doyle-2500-011 - Machine 2
400207,365560.969,2259723.301,896.582,BS_INV-19_S06.csv,BS_INV-19_T_S06,1/6/2025,,,,,,,,,,,400207,COMPLETED,0.001509919,0.00135125,273.1990174,2025-12-17 11:44:53,2025-12-17 11:41:41,Doyle-2500-033 - Machine 10
400208,366084.115,2260391.191,900.463,BS_INV-19_S06.csv,BS_INV-19_T_S06,1/6/2025,,,,,,,,,,,400208,COMPLETED,,0.003067396,274.4665332,2025-12-06 13:58:12,,Doyle-2500-011 - Machine 2
400210,366087.534,2260017.32,892.435,BS_INV-19_S06.csv,BS_INV-19_T_S06,1/6/2025,,,,,,,,,,,400210,COMPLETED,,0.001542188,272.0001913,2025-12-05 10:26:14,,Doyle-2500-011 - Machine 2
400211,365947.337,2260017.276,891.588,BS_INV-19_S06.csv,BS_INV-19_T_S06,1/6/2025,,,,,,,,,,,400211,COMPLETED,,0.001015324,272.2532382,2025-12-03 15:21:13,,Doyle-2500-011 - Machine 2
400212,366087.583,2260019.233,892.34,BS_INV-19_S06.csv,BS_INV-19_T_S06,1/6/2025,,,,,,,,,,,400212,COMPLETED,,0.003615856,272.0126131,2025-12-05 10:17:01,,Doyle-2500-011 - Machine 2
400213,365947.283,2260019.254,891.684,BS_INV-19_S06.csv,BS_INV-19_T_S06,1/6/2025,,,,,,,,,,,400213,COMPLETED,,0.000934051,272.2691197,2025-12-03 15:30:19,,Doyle-2500-011 - Machine 2
400214,365809.871,2260075.967,893.91,BS_INV-19_S06.csv,BS_INV-19_T_S06,1/6/2025,,,,,,,,,,,400214,COMPLETED,,0.001054387,271.5961098,2025-12-04 12:41:11,,Doyle-2500-011 - Machine 2
400215,365557.374,2260075.707,885.608,BS_INV-19_S06.csv,BS_INV-19_T_S06,1/6/2025,,,,,,,,,,,400215,COMPLETED,,0.000867801,269.9025205,2025-12-04 15:32:02,,Doyle-2500-011 - Machine 2
400216,365810.291,2260056.253,890.744,BS_INV-19_S06.csv,BS_INV-19_T_S06,1/6/2025,,,,,,,,,,,400216,COMPLETED,,0.000860648,271.4942559,2025-12-04 12:49:37,,Doyle-2500-011 - Machine 2
400217,365557.395,2260056.144,885.46,BS_INV-19_S06.csv,BS_INV-19_T_S06,1/6/2025,,,,,,,,,,,400217,COMPLETED,,0.000833924,269.8963974,2025-12-04 15:22:51,,Doyle-2500-011 - Machine 2
600205,365954.1,2260016.345,895.35,BS_INV-19_S06.csv,BS_INV-19_T_S06,1/6/2025,,,,,,,,,,,600205,COMPLETED,,0.005245741,272.8995968,2025-12-04 10:30:51,,Doyle-2500-011 - Machine 2
600206,365948.472,2260016.261,895.365,BS_INV-19_S06.csv,BS_INV-19_T_S06,1/6/2025,,,,,,,,,,,600206,COMPLETED,,0.001404792,272.8843824,2025-12-03 15:59:27,,Doyle-2500-011 - Machine 2
600207,365959.937,2260016.249,895.434,BS_INV-19_S06.csv,BS_INV-19_T_S06,1/6/2025,,,,,,,,,,,600207,COMPLETED,,0.000578472,272.9154101,2025-12-04 10:47:30,,Doyle-2500-011 - Machine 2
600208,365954.307,2260020.239,895.431,BS_INV-19_S06.csv,BS_INV-19_T_S06,1/6/2025,,,,,,,,,,,600208,COMPLETED,,0.000235,272.922573,2025-12-04 10:38:18,,Doyle-2500-011 - Machine 2
600209,365948.578,2260020.179,895.361,BS_INV-19_S06.csv,BS_INV-19_T_S06,1/6/2025,,,,,,,,,,,600209,COMPLETED,,0.000994074,272.9076321,2025-12-03 15:53:42,,Doyle-2500-011 - Machine 2
600210,365960.048,2260020.296,895.456,BS_INV-19_S06.csv,BS_INV-19_T_S06,1/6/2025,,,,,,,,,,,600210,COMPLETED,,0.000756644,272.9471188,2025-12-04 10:43:30,,Doyle-2500-011 - Machine 2
600211,365808.695,2260055.466,893.933,BS_INV-19_S06.csv,BS_INV-19_T_S06,1/6/2025,,,,,,,,,,,600211,COMPLETED,0.000871759,0.005504803,272.4260802,2025-12-16 16:49:57,2025-12-16 16:41:21,Doyle-2500-021 - Machine 4
600212,365804.824,2260055.3,893.637,BS_INV-19_S06.csv,BS_INV-19_T_S06,1/6/2025,,,,,,,,,,,600212,COMPLETED,,0.000800845,272.3836214,2025-12-04 13:19:44,,Doyle-2500-011 - Machine 2
600213,365804.463,2260057.154,893.664,BS_INV-19_S06.csv,BS_INV-19_T_S06,1/6/2025,,,,,,,,,,,600213,COMPLETED,,0.000866991,272.3939439,2025-12-04 13:23:14,,Doyle-2500-011 - Machine 2
600214,365808.929,2260057.451,893.967,BS_INV-19_S06.csv,BS_INV-19_T_S06,1/6/2025,,,,,,,,,,,600214,COMPLETED,0.003601042,0.002215949,272.4373188,2025-12-16 16:38:09,2025-12-16 16:34:57,Doyle-2500-021 - Machine 4
600215,365804.934,2260074.893,894.272,BS_INV-19_S06.csv,BS_INV-19_T_S06,1/6/2025,,,,,,,,,,,600215,COMPLETED,,0.000624248,272.5543152,2025-12-04 13:38:25,,Doyle-2500-011 - Machine 2
600216,365809.208,2260074.722,894.375,BS_INV-19_S06.csv,BS_INV-19_T_S06,1/6/2025,,,,,,,,,,,600216,COMPLETED,,0.000675972,272.5959345,2025-12-04 13:28:34,,Doyle-2500-011 - Machine 2
600217,365809.488,2260076.684,894.375,BS_INV-19_S06.csv,BS_INV-19_T_S06,1/6/2025,,,,,,,,,,,600217,COMPLETED,,0.000648646,272.6141761,2025-12-04 13:32:04,,Doyle-2500-011 - Machine 2
600218,365804.398,2260076.647,894.261,BS_INV-19_S06.csv,BS_INV-19_T_S06,1/6/2025,,,,,,,,,,,600218,COMPLETED,,0.000692755,272.5690213,2025-12-04 13:41:37,,Doyle-2500-011 - Machine 2
800003,0.0,0.0,0.0,BS_INV-19_S06.csv,BS_INV-19_T_S06,1/6/2025,,,,,,,,,,,800003,INCOMPLETE_NO_FINISH_TIME,0.011486863,0.001945694,,,2026-01-12 10:50:45,Doyle-2500-010 - Machine 1
400254,366084.1609,2262867.807,908.251964,BS_INV-23_S02.csv,BS_INV-23_T_S02,1/7/2026,,,,,,,,,,,400254,COMPLETED,,0.006508137,276.8349584,2025-12-17 08:09:06,,Doyle-2500-020 - Machine 3
400255,0.0,0.0,0.0,BS_INV-23_S02.csv,BS_INV-23_T_S02,1/7/2026,,,,,,,,,,,400255,COMPLETED,0.000448738,0.002099769,270.3898619,2025-12-15 16:08:57,2025-12-15 16:05:50,Doyle-2500-020 - Machine 3
400256,365560.983,2262965.223,905.3892118,BS_INV-23_S02.csv,BS_INV-23_T_S02,1/7/2026,,,,,,,,,,,400256,COMPLETED,,0.002066238,276.9846233,2025-12-30 12:21:05,,Doyle-2500-007 - Machine 8
400257,365561.0298,2262024.23,904.2979482,BS_INV-23_S02.csv,BS_INV-23_T_S02,1/7/2026,,,,,,,,,,,400257,COMPLETED,,0.003964306,275.6245731,2025-12-29 10:47:39,,Doyle-2500-010 - Machine 1
400258,0.0,0.0,0.0,BS_INV-23_S02.csv,BS_INV-23_T_S02,1/7/2026,,,,,,,,,,,400258,COMPLETED,,0.00210022,274.7218248,2025-12-17 11:55:36,,Doyle-2500-011 - Machine 2
400259,365557.42745,2262318.2267044997,902.0910745,BS_INV-23_S02.csv,BS_INV-23_T_S02,1/7/2026,,,,,,,,,,,400259,COMPLETED,,0.005515197,275.1322432,2025-12-29 11:53:13,,Doyle-2500-010 - Machine 1
400260,0.0,0.0,0.0,BS_INV-23_S02.csv,BS_INV-23_T_S02,1/7/2026,,,,,,,,,,,400260,COMPLETED,,0.000134167,273.3739016,2025-12-17 13:00:23,,Doyle-2500-011 - Machine 2
400261,365557.4663,2262298.872,902.73681865,BS_INV-23_S02.csv,BS_INV-23_T_S02,1/7/2026,,,,,,,,,,,400261,COMPLETED,,0.004315984,275.3381491,2025-12-29 11:44:33,,Doyle-2500-010 - Machine 1
600257,0.0,0.0,0.0,BS_INV-23_S02.csv,BS_INV-23_T_S02,1/7/2026,,,,,,,,,,,600257,COMPLETED,,0.000456863,275.7666471,2025-12-17 13:10:24,,Doyle-2500-011 - Machine 2
600258,0.0,0.0,0.0,BS_INV-23_S02.csv,BS_INV-23_T_S02,1/7/2026,,,,,,,,,,,600258,COMPLETED,0.000940718,0.00082985,275.7428074,2025-12-17 13:13:23,2025-12-17 13:11:49,Doyle-2500-011 - Machine 2
600259,0.0,0.0,0.0,BS_INV-23_S02.csv,BS_INV-23_T_S02,1/7/2026,,,,,,,,,,,600259,COMPLETED,,7.52778e-05,275.7787996,2025-12-17 13:16:29,,Doyle-2500-011 - Machine 2
600260,0.0,0.0,0.0,BS_INV-23_S02.csv,BS_INV-23_T_S02,1/7/2026,,,,,,,,,,,600260,COMPLETED,,0.001911215,275.7512773,2025-12-17 13:19:17,,Doyle-2500-011 - Machine 2
600261,0.0,0.0,0.0,BS_INV-23_S02.csv,BS_INV-23_T_S02,1/7/2026,,,,,,,,,,,600261,COMPLETED,,0.000580729,275.8570556,2025-12-17 11:34:07,,Doyle-2500-011 - Machine 2
600262,0.0,0.0,0.0,BS_INV-23_S02.csv,BS_INV-23_T_S02,1/7/2026,,,,,,,,,,,600262,COMPLETED,,0.000165856,275.7833108,2025-12-17 11:39:09,,Doyle-2500-011 - Machine 2
600263,0.0,0.0,0.0,BS_INV-23_S02.csv,BS_INV-23_T_S02,1/7/2026,,,,,,,,,,,600263,COMPLETED,,0.002369977,275.8625417,2025-12-17 11:24:31,,Doyle-2500-011 - Machine 2
600264,0.0,0.0,0.0,BS_INV-23_S02.csv,BS_INV-23_T_S02,1/7/2026,,,,,,,,,,,600264,COMPLETED,,0.003092326,276.312724,2025-12-17 11:21:06,,Doyle-2500-011 - Machine 2
600265,0.0,0.0,0.0,BS_INV-23_S02.csv,BS_INV-23_T_S02,1/7/2026,,,,,,,,,,,600265,COMPLETED,,0.001135475,270.9289469,2025-12-16 10:54:23,,Doyle-2500-020 - Machine 3
600266,0.0,0.0,0.0,BS_INV-23_S02.csv,BS_INV-23_T_S02,1/7/2026,,,,,,,,,,,600266,COMPLETED,,0.004039433,270.9200794,2025-12-16 10:43:19,,Doyle-2500-020 - Machine 3
600267,0.0,0.0,0.0,BS_INV-23_S02.csv,BS_INV-23_T_S02,1/7/2026,,,,,,,,,,,600267,COMPLETED,0.00046331,0.001749236,270.9718141,2025-12-16 11:25:06,2025-12-16 11:22:28,Doyle-2500-020 - Machine 3
600268,0.0,0.0,0.0,BS_INV-23_S02.csv,BS_INV-23_T_S02,1/7/2026,,,,,,,,,,,600268,COMPLETED,,0.001519479,270.9962092,2025-12-16 11:21:45,,Doyle-2500-020 - Machine 3
400067,367100.043,2256640.495,888.526,BS_INV-25_S02.csv,BS_INV-25_T_S02,1/8/2026,,,,,,,,,,,400067,COMPLETED,0.003627164,0.000831644,271.0794585,2025-12-11 08:19:07,2025-12-11 08:17:02,Doyle-2500-007 - Machine 8
400069,367503.88,2257581.548,888.229,BS_INV-25_S02.csv,BS_INV-25_T_S02,1/8/2026,,,,,,,,,,,400069,COMPLETED,,0.000663322,270.7452461,2025-12-09 15:24:00,,Doyle-2500-007 - Machine 8
400070,367503.904,2256737.969,883.718,BS_INV-25_S02.csv,BS_INV-25_T_S02,1/8/2026,,,,,,,,,,,400070,COMPLETED,,0.001565359,269.4400203,2025-12-09 15:53:05,,Doyle-2500-007 - Machine 8
400076,367373.96,2257344.028,886.162,BS_INV-25_S02.csv,BS_INV-25_T_S02,1/8/2026,,,,,,,,,,,400076,COMPLETED,,0.000396944,270.1302995,2025-12-12 11:21:29,,Doyle-2500-007 - Machine 8
400078,367374.01,2257363.521,886.2,BS_INV-25_S02.csv,BS_INV-25_T_S02,1/8/2026,,,,,,,,,,,400078,COMPLETED,,0.000555984,270.1246073,2025-12-12 11:23:18,,Doyle-2500-007 - Machine 8
500052,367329.716,2257370.737,891.172,BS_INV-25_S02.csv,BS_INV-25_T_S02,1/8/2026,,,,,,,,,,,500052,INCOMPLETE_NO_FINISH_TIME,,0.001234676,,,,Doyle-2500-010 - Machine 1
500054,367329.682,2257357.102,891.522,BS_INV-25_S02.csv,BS_INV-25_T_S02,1/8/2026,,,,,,,,,,,500054,INCOMPLETE_NO_FINISH_TIME,,0.002205486,,,,Doyle-2500-010 - Machine 1
500056,367326.098,2257363.3,890.907,BS_INV-25_S02.csv,BS_INV-25_T_S02,1/8/2026,,,,,,,,,,,500056,INCOMPLETE_NO_FINISH_TIME,,0.002426146,,,,Doyle-2500-010 - Machine 1
500057,367326.145,2257370.572,891.418,BS_INV-25_S02.csv,BS_INV-25_T_S02,1/8/2026,,,,,,,,,,,500057,INCOMPLETE_NO_FINISH_TIME,,0.001001794,,,,Doyle-2500-010 - Machine 1
500058,367326.157,2257375.888,891.993,BS_INV-25_S02.csv,BS_INV-25_T_S02,1/8/2026,,,,,,,,,,,500058,INCOMPLETE_NO_FINISH_TIME,,0.000623958,,,,Doyle-2500-010 - Machine 1
500059,367326.118,2257381.145,891.898,BS_INV-25_S02.csv,BS_INV-25_T_S02,1/8/2026,,,,,,,,,,,500059,INCOMPLETE_NO_FINISH_TIME,,0.000750498,,,,Doyle-2500-010 - Machine 1
500060,367326.127,2257389.986,891.248,BS_INV-25_S02.csv,BS_INV-25_T_S02,1/8/2026,,,,,,,,,,,500060,INCOMPLETE_NO_FINISH_TIME,,0.001313368,,,,Doyle-2500-010 - Machine 1
400234,365947.381,2261169.724,899.744,Finn_INV-21-Z-02-S03_T.csv,Finn_INV 21-Z02-S03_T,1/2/2025,,,,,,,,,,,400234,COMPLETED,,0.003427894,274.2585225,2025-12-15 08:32:17,,Doyle-2500-011 - Machine 2
400236,365947.291,2261167.668,899.736,Finn_INV-21-Z-02-S03_T.csv,Finn_INV 21-Z02-S03_T,1/2/2025,,,,,,,,,,,400236,COMPLETED,,0.001467014,273.7354651,2025-12-15 08:36:06,,Doyle-2500-011 - Machine 2
400238,365810.194,2261226.264,897.179,Finn_INV-21-Z-02-S03_T.csv,Finn_INV 21-Z02-S03_T,1/2/2025,,,,,,,,,,,400238,COMPLETED,,0.003955012,273.500234,2025-12-12 11:14:14,,Doyle-2500-011 - Machine 2
400240,365810.166,2261206.724,896.884,Finn_INV-21-Z-02-S03_T.csv,Finn_INV 21-Z02-S03_T,1/2/2025,,,,,,,,,,,400240,COMPLETED,,0.002584988,273.434272,2025-12-12 11:52:29,,Doyle-2500-011 - Machine 2
600231,365959.545,2261166.721,903.488,Finn_INV-21-Z-02-S03_T.csv,Finn_INV 21-Z02-S03_T,1/2/2025,,,,,,,,,,,600231,COMPLETED,,0.005684375,275.4017283,2025-12-15 08:11:49,,Doyle-2500-011 - Machine 2
600232,365948.618,2261166.794,903.169,Finn_INV-21-Z-02-S03_T.csv,Finn_INV 21-Z02-S03_T,1/2/2025,,,,,,,,,,,600232,COMPLETED,,0.001198403,275.3091633,2025-12-15 08:18:06,,Doyle-2500-011 - Machine 2
600233,365954.284,2261166.857,903.331,Finn_INV-21-Z-02-S03_T.csv,Finn_INV 21-Z02-S03_T,1/2/2025,,,,,,,,,,,600233,COMPLETED,,0.001248079,275.3739962,2025-12-15 08:15:13,,Doyle-2500-011 - Machine 2
600234,365954.381,2261170.696,903.427,Finn_INV-21-Z-02-S03_T.csv,Finn_INV 21-Z02-S03_T,1/2/2025,,,,,,,,,,,600234,COMPLETED,,0.001042639,275.4000759,2025-12-15 08:45:02,,Doyle-2500-011 - Machine 2
600235,365948.584,2261170.735,903.381,Finn_INV-21-Z-02-S03_T.csv,Finn_INV 21-Z02-S03_T,1/2/2025,,,,,,,,,,,600235,COMPLETED,,0.001636007,275.3685609,2025-12-15 08:42:03,,Doyle-2500-011 - Machine 2
600236,365959.917,2261170.679,903.643,Finn_INV-21-Z-02-S03_T.csv,Finn_INV 21-Z02-S03_T,1/2/2025,,,,,,,,,,,600236,COMPLETED,,0.000377662,275.4570592,2025-12-15 08:47:19,,Doyle-2500-011 - Machine 2
600237,365808.944,2261205.799,900.517,Finn_INV-21-Z-02-S03_T.csv,Finn_INV 21-Z02-S03_T,1/2/2025,,,,,,,,,,,600237,COMPLETED,,0.003233299,274.5425123,2025-12-12 11:41:57,,Doyle-2500-011 - Machine 2
600238,365804.457,2261205.865,900.146,Finn_INV-21-Z-02-S03_T.csv,Finn_INV 21-Z02-S03_T,1/2/2025,,,,,,,,,,,600238,COMPLETED,,0.001957662,274.4268642,2025-12-12 11:34:40,,Doyle-2500-011 - Machine 2
600239,365809.02,2261207.701,900.457,Finn_INV-21-Z-02-S03_T.csv,Finn_INV 21-Z02-S03_T,1/2/2025,,,,,,,,,,,600239,COMPLETED,,0.001945417,274.5334219,2025-12-12 11:59:26,,Doyle-2500-011 - Machine 2
600240,365804.379,2261207.598,900.121,Finn_INV-21-Z-02-S03_T.csv,Finn_INV 21-Z02-S03_T,1/2/2025,,,,,,,,,,,600240,COMPLETED,,0.00109287,274.4142171,2025-12-12 12:02:52,,Doyle-2500-011 - Machine 2
600241,365808.989,2261225.277,900.476,Finn_INV-21-Z-02-S03_T.csv,Finn_INV 21-Z02-S03_T,1/2/2025,,,,,,,,,,,600241,COMPLETED,,0.000463715,274.5396259,2025-12-12 11:00:41,,Doyle-2500-011 - Machine 2
600242,365804.45,2261225.257,900.385,Finn_INV-21-Z-02-S03_T.csv,Finn_INV 21-Z02-S03_T,1/2/2025,,,,,,,,,,,600242,COMPLETED,,0.001009109,274.4723693,2025-12-12 11:03:54,,Doyle-2500-011 - Machine 2
600243,365809.1,2261227.172,900.655,Finn_INV-21-Z-02-S03_T.csv,Finn_INV 21-Z02-S03_T,1/2/2025,,,,,,,,,,,600243,COMPLETED,,0.000203067,273.8175253,2025-12-12 11:18:00,,Doyle-2500-011 - Machine 2
600244,365804.37,2261227.237,900.438,Finn_INV-21-Z-02-S03_T.csv,Finn_INV 21-Z02-S03_T,1/2/2025,,,,,,,,,,,600244,COMPLETED,,0.000958299,274.484381,2025-12-12 11:23:27,,Doyle-2500-011 - Machine 2
400232,365560.955,2261541.675,896.33,Finn_INV-21_Z-03_T_S03.csv,Finn_INV-21_Z-03_T_S03,1/2/2025,,,,,,,,,,,400232,COMPLETED,,0.003253044,273.2330282,2025-12-12 12:59:04,,Doyle-2500-011 - Machine 2
400233,365560.941,2260873.784,889.119,Finn_INV-21_Z-03_T_S03.csv,Finn_INV-21_Z-03_T_S03,1/2/2025,,,,,,,,,,,400233,COMPLETED,,0.000676736,271.0145667,2025-12-11 14:38:16,,Doyle-2500-011 - Machine 2
400239,365557.45,2261226.238,890.906,Finn_INV-21_Z-03_T_S03.csv,Finn_INV-21_Z-03_T_S03,1/2/2025,,,,,,,,,,,400239,COMPLETED,,0.004067188,271.5724985,2025-12-12 08:33:12,,Doyle-2500-011 - Machine 2
400241,365557.414,2261206.708,890.476,Finn_INV-21_Z-03_T_S03.csv,Finn_INV-21_Z-03_T_S03,1/2/2025,,,,,,,,,,,400241,COMPLETED,,0.003894988,271.472386,2025-12-11 15:02:52,,Doyle-2500-011 - Machine 2
400262,366084.093,2263413.772,907.5608758,INV 24 Design Points.csv,,,,,,,,,,,,,400262,COMPLETED,,0.00098853,276.6328663,2025-12-30 09:46:05,,Doyle-2500-010 - Machine 1
400263,365560.95,2263862.272,902.9068974,INV 24 Design Points.csv,,,,,,,,,,,,,400263,COMPLETED,,0.002991933,275.2056915,2025-12-30 14:14:31,,Doyle-2500-007 - Machine 8
400264,365560.95,2262979.772,905.1061853,INV 24 Design Points.csv,,,,,,,,,,,,,400264,COMPLETED,,0.007264769,276.3880688,2025-12-30 12:04:39,,Doyle-2500-007 - Machine 8
400265,366084.093,2262882.272,908.5074414,INV 24 Design Points.csv,,,,,,,,,,,,,400265,COMPLETED,0.000614815,0.0037,276.9271961,2025-12-17 09:13:36,2025-12-17 09:08:04,Doyle-2500-020 - Machine 3
400266,365949.613,2263293.272,905.9637,INV 24 Design Points.csv,,,,,,,,,,,,,400266,INCOMPLETE_NO_FINISH_TIME,,0.002435116,,,,Doyle-2500-010 - Machine 1
400267,366087.637,2263295.272,907.56,INV 24 Design Points.csv,,,,,,,,,,,,,400267,COMPLETED,,0.040244039,276.6225951,2025-12-17 12:48:30,,Doyle-2500-020 - Machine 3
400268,365949.613,2263295.272,905.8636,INV 24 Design Points.csv,,,,,,,,,,,,,400268,COMPLETED,,0.00151081,276.095399,2025-12-30 10:48:20,,Doyle-2500-010 - Machine 1
400269,366087.637,2263293.272,907.5316,INV 24 Design Points.csv,,,,,,,,,,,,,400269,INCOMPLETE_NO_FINISH_TIME,,0.001601678,,,,Doyle-2500-020 - Machine 3
400270,365812.522,2263351.772,904.6628,INV 24 Design Points.csv,,,,,,,,,,,,,400270,COMPLETED,,0.001038472,275.738775,2025-12-30 13:50:58,,Doyle-2500-007 - Machine 8
400271,365557.405,2263351.772,900.5654615,INV 24 Design Points.csv,,,,,,,,,,,,,400271,COMPLETED,,0.006050799,274.4937626,2025-12-30 13:24:36,,Doyle-2500-007 - Machine 8
400272,365812.522,2263312.772,904.3813,INV 24 Design Points.csv,,,,,,,,,,,,,400272,COMPLETED,,0.001266944,275.6505378,2025-12-30 13:45:27,,Doyle-2500-007 - Machine 8
400273,365557.405,2263312.772,902.4042244,INV 24 Design Points.csv,,,,,,,,,,,,,400273,COMPLETED,,0.016399699,275.131413,2025-12-18 11:41:27,,Doyle-2500-032-Machine 9
600269,365953.113,2263292.335,907.6257,INV 24 Design Points.csv,,,,,,,,,,,,,600269,COMPLETED,,0.0004164,276.6442885,2025-12-17 13:30:53,,Doyle-2500-020 - Machine 3
600270,365960.013,2263292.335,907.7631,INV 24 Design Points.csv,,,,,,,,,,,,,600270,COMPLETED,,0.000914977,276.6901813,2025-12-17 13:25:45,,Doyle-2500-020 - Machine 3
600271,365955.413,2263296.21,907.5157,INV 24 Design Points.csv,,,,,,,,,,,,,600271,COMPLETED,,0.00062206,276.6158899,2025-12-17 13:44:33,,Doyle-2500-020 - Machine 3
600272,365950.813,2263296.21,907.4103,INV 24 Design Points.csv,,,,,,,,,,,,,600272,INCOMPLETE_NO_FINISH_TIME,,0.0,,,,Doyle-2500-020 - Machine 3
600273,365960.013,2263296.21,907.5783,INV 24 Design Points.csv,,,,,,,,,,,,,600273,COMPLETED,,0.000661146,276.6315582,2025-12-17 13:21:46,,Doyle-2500-020 - Machine 3
600274,365809.022,2263311.835,905.7144,INV 24 Design Points.csv,,,,,,,,,,,,,600274,COMPLETED,,0.000236771,276.0584843,2025-12-17 13:40:27,,Doyle-2500-011 - Machine 2
600275,365804.422,2263311.835,905.7419,INV 24 Design Points.csv,,,,,,,,,,,,,600275,COMPLETED,,0.000282778,276.0652945,2025-12-17 13:45:48,,Doyle-2500-011 - Machine 2
600276,365811.322,2263313.71,905.8656,INV 24 Design Points.csv,,,,,,,,,,,,,600276,COMPLETED,,0.000239826,276.1120654,2025-12-29 14:16:13,,Doyle-2500-011 - Machine 2
600277,365804.422,2263313.71,905.7752,INV 24 Design Points.csv,,,,,,,,,,,,,600277,COMPLETED,,0.000286435,276.0850007,2025-12-29 14:08:39,,Doyle-2500-011 - Machine 2
600278,365811.322,2263350.834,906.1213,INV 24 Design Points.csv,,,,,,,,,,,,,600278,COMPLETED,,0.002370914,276.1756488,2025-12-29 13:48:48,,Doyle-2500-011 - Machine 2
600279,365804.422,2263350.834,905.5968,INV 24 Design Points.csv,,,,,,,,,,,,,600279,COMPLETED,,0.000221435,276.0231408,2025-12-29 13:27:49,,Doyle-2500-011 - Machine 2
600280,365804.422,2263352.709,905.6166,INV 24 Design Points.csv,,,,,,,,,,,,,600280,COMPLETED,,0.00019772,276.035677,2025-12-29 13:23:06,,Doyle-2500-011 - Machine 2
600281,365811.322,2263352.709,906.059,INV 24 Design Points.csv,,,,,,,,,,,,,600281,COMPLETED,,0.000154711,276.147001,2025-12-29 13:42:04,,Doyle-2500-011 - Machine 2
700005,365733.978,2263857.079,899.756,INV 24 Design Points.csv,,,,,,,,,,,,,700005,COMPLETED,,0.012630914,274.3302099,2025-12-30 14:37:08,,Doyle-2500-007 - Machine 8
800006,365909.175,2263340.583,900.2608,INV 24 Design Points.csv,,,,,,,,,,,,,800006,COMPLETED,0.003206435,0.001195625,274.8122459,2025-12-30 10:34:04,2025-12-30 10:32:19,Doyle-2500-010 - Machine 1
400194,365560.964,2259708.67,896.336,INV-18-S01.csv,BS_INV-18_T_S01,1/28/2026,,,,,,,,,,,400194,COMPLETED,,0.00480978,273.1915312,2025-12-17 10:51:34,,Doyle-2500-033 - Machine 10
400195,365560.933,2259040.908,895.008,INV-18-S01.csv,BS_INV-18_T_S01,1/28/2026,,,,,,,,,,,400195,COMPLETED,,0.002411586,272.7759027,2025-12-17 10:02:58,,Doyle-2500-033 - Machine 10
400197,366084.059,2259040.797,895.457,INV-18-S01.csv,BS_INV-18_T_S01,1/28/2026,,,,,,,,,,,400197,COMPLETED,,0.001276169,272.9308399,2026-01-03 09:35:08,,Doyle-2500-010 - Machine 1
400199,366087.554,2259393.298,891.69,INV-18-S01.csv,BS_INV-18_T_S01,1/28/2026,,,,,,,,,,,400199,INCOMPLETE_NO_FINISH_TIME,,0.00312838,,,,Doyle-2500-007 - Machine 8
400201,366087.541,2259395.309,891.641,INV-18-S01.csv,BS_INV-18_T_S01,1/28/2026,,,,,,,,,,,400201,COMPLETED,,0.001579063,271.8001342,2025-12-17 08:08:57,,Doyle-2500-007 - Machine 8
400202,365810.103,2259393.336,893.837,INV-18-S01.csv,BS_INV-18_T_S01,1/28/2026,,,,,,,,,,,400202,COMPLETED,0.001271424,0.002332106,272.434889,2025-12-17 08:57:41,2025-12-17 08:53:06,Doyle-2500-033 - Machine 10
400203,365557.441,2259393.229,893.243,INV-18-S01.csv,BS_INV-18_T_S01,1/28/2026,,,,,,,,,,,400203,INCOMPLETE_NO_FINISH_TIME,,0.004096343,,,,Doyle-2500-033 - Machine 10
400204,365810.052,2259373.778,893.389,INV-18-S01.csv,BS_INV-18_T_S01,1/28/2026,,,,,,,,,,,400204,COMPLETED,,0.003079745,272.3327839,2025-12-17 08:49:00,,Doyle-2500-033 - Machine 10
400205,365557.448,2259373.749,892.162,INV-18-S01.csv,BS_INV-18_T_S01,1/28/2026,,,,,,,,,,,400205,INCOMPLETE_NO_FINISH_TIME,,0.01093147,,,,Doyle-2500-033 - Machine 10
400091,367100.01,2259219.51,894.477,INV-27-S01.csv,BS_INV-27_T_S01,1/30/2026,,,,,,,,,,,400091,COMPLETED,,0.001077153,272.5431997,2025-12-15 10:20:26,,Doyle-2500-007 - Machine 8
400092,367100.203,2258395.549,889.314,INV-27-S01.csv,BS_INV-27_T_S01,1/30/2026,,,,,,,,,,,400092,COMPLETED,,0.000518322,271.391443,2025-12-16 13:07:51,,Doyle-2500-007 - Machine 8
400093,367503.899,2259355.915,889.17,INV-27-S01.csv,BS_INV-27_T_S01,1/30/2026,,,,,,,,,,,400093,COMPLETED,,0.000886574,271.0631033,2025-12-09 13:49:26,,Doyle-2500-007 - Machine 8
400094,367503.834,2258531.952,886.091,INV-27-S01.csv,BS_INV-27_T_S01,1/30/2026,,,,,,,,,,,400094,COMPLETED,,0.002458588,270.3609686,2025-12-09 14:18:37,,Doyle-2500-007 - Machine 8
400095,367239.11,2258864.98,890.929,INV-27-S01.csv,BS_INV-27_T_S01,1/30/2026,,,,,,,,,,,400095,COMPLETED,,0.000169132,271.5515984,2025-12-16 13:15:02,,Doyle-2500-007 - Machine 8
400096,367096.53,2258864.904,891.157,INV-27-S01.csv,BS_INV-27_T_S01,1/30/2026,,,,,,,,,,,400096,COMPLETED,,0.001073426,271.6133302,2025-12-15 14:57:55,,Doyle-2500-007 - Machine 8
400097,367239.15,2258866.948,890.88,INV-27-S01.csv,BS_INV-27_T_S01,1/30/2026,,,,,,,,,,,400097,COMPLETED,,0.000198206,271.5652139,2025-12-16 13:28:31,,Doyle-2500-007 - Machine 8
400098,367096.485,2258866.826,891.167,INV-27-S01.csv,BS_INV-27_T_S01,1/30/2026,,,,,,,,,,,400098,COMPLETED,,0.000717813,271.6191414,2025-12-15 15:01:54,,Doyle-2500-007 - Machine 8
400099,367507.402,2258825.913,885.444,INV-27-S01.csv,BS_INV-27_T_S01,1/30/2026,,,,,,,,,,,400099,COMPLETED,,0.000849109,269.8948037,2025-12-09 14:06:27,,Doyle-2500-007 - Machine 8
400100,367374.027,2258825.902,891.471,INV-27-S01.csv,BS_INV-27_T_S01,1/30/2026,,,,,,,,,,,400100,COMPLETED,,0.003319884,271.7250079,2025-12-16 14:31:47,,Doyle-2500-007 - Machine 8
400101,367507.288,2258845.42,885.571,INV-27-S01.csv,BS_INV-27_T_S01,1/30/2026,,,,,,,,,,,400101,COMPLETED,,0.000715498,269.9441898,2025-12-09 14:01:15,,Doyle-2500-007 - Machine 8
400102,367374.064,2258845.439,891.693,INV-27-S01.csv,BS_INV-27_T_S01,1/30/2026,,,,,,,,,,,400102,COMPLETED,,0.000420914,271.8111978,2025-12-16 14:11:40,,Doyle-2500-007 - Machine 8
500082,367329.61,2258838.483,890.91,INV-27-S01.csv,BS_INV-27_T_S01,1/30/2026,,,,,,,,,,,500082,INCOMPLETE_NO_FINISH_TIME,,0.001560637,,,,Doyle-2500-010 - Machine 1
500083,367329.692,2258843.665,890.614,INV-27-S01.csv,BS_INV-27_T_S01,1/30/2026,,,,,,,,,,,500083,INCOMPLETE_NO_FINISH_TIME,,0.000804525,,,,Doyle-2500-010 - Machine 1
500084,367329.755,2258852.353,890.72,INV-27-S01.csv,BS_INV-27_T_S01,1/30/2026,,,,,,,,,,,500084,INCOMPLETE_NO_FINISH_TIME,,0.001462037,,,,Doyle-2500-010 - Machine 1
600087,367375.113,2258824.998,893.626,INV-27-S01.csv,BS_INV-27_T_S01,1/30/2026,,,,,,,,,,,600087,COMPLETED,,4.87963e-05,272.3644107,2025-12-16 14:27:00,,Doyle-2500-007 - Machine 8
600088,367379.86,2258825.079,893.463,INV-27-S01.csv,BS_INV-27_T_S01,1/30/2026,,,,,,,,,,,600088,COMPLETED,,0.000207465,272.315627,2025-12-16 14:24:50,,Doyle-2500-007 - Machine 8
600089,367375.177,2258826.794,893.787,INV-27-S01.csv,BS_INV-27_T_S01,1/30/2026,,,,,,,,,,,600089,COMPLETED,,3.14352e-05,272.3921949,2025-12-16 14:22:02,,Doyle-2500-007 - Machine 8
600090,367379.836,2258826.878,893.585,INV-27-S01.csv,BS_INV-27_T_S01,1/30/2026,,,,,,,,,,,600090,COMPLETED,,0.000252361,272.333316,2025-12-16 14:19:24,,Doyle-2500-007 - Machine 8
600091,367375.175,2258844.539,893.818,INV-27-S01.csv,BS_INV-27_T_S01,1/30/2026,,,,,,,,,,,600091,COMPLETED,,0.00030125,272.3984028,2025-12-16 14:01:54,,Doyle-2500-007 - Machine 8
600092,367379.843,2258844.559,893.703,INV-27-S01.csv,BS_INV-27_T_S01,1/30/2026,,,,,,,,,,,600092,COMPLETED,0.002842917,0.000689595,272.3695101,2025-12-16 13:59:27,2025-12-16 13:58:15,Doyle-2500-007 - Machine 8
600093,367377.373,2258846.425,893.776,INV-27-S01.csv,BS_INV-27_T_S01,1/30/2026,,,,,,,,,,,600093,COMPLETED,,0.000212292,272.3906248,2025-12-16 14:05:15,,Doyle-2500-007 - Machine 8
600094,367379.747,2258846.305,893.682,INV-27-S01.csv,BS_INV-27_T_S01,1/30/2026,,,,,,,,,,,600094,COMPLETED,0.000657975,0.000206794,272.3769228,2025-12-16 14:07:38,2025-12-16 14:06:12,Doyle-2500-007 - Machine 8
600095,367224.252,2258864.13,893.195,INV-27-S01.csv,BS_INV-27_T_S01,1/30/2026,,,,,,,,,,,600095,COMPLETED,,9.10417e-05,272.2374018,2025-12-16 13:24:14,,Doyle-2500-007 - Machine 8
600096,367237.996,2258864.04,893.258,INV-27-S01.csv,BS_INV-27_T_S01,1/30/2026,,,,,,,,,,,600096,COMPLETED,,0.000417442,272.266962,2025-12-16 13:19:03,,Doyle-2500-007 - Machine 8
600097,367231.14,2258863.99,893.253,INV-27-S01.csv,BS_INV-27_T_S01,1/30/2026,,,,,,,,,,,600097,COMPLETED,,0.000145532,272.2512565,2025-12-16 13:21:48,,Doyle-2500-007 - Machine 8
600098,367230.032,2258867.83,893.431,INV-27-S01.csv,BS_INV-27_T_S01,1/30/2026,,,,,,,,,,,600098,COMPLETED,,0.001910428,272.2821114,2025-12-16 13:35:02,,Doyle-2500-007 - Machine 8
600099,367224.204,2258867.822,893.34,INV-27-S01.csv,BS_INV-27_T_S01,1/30/2026,,,,,,,,,,,600099,COMPLETED,,0.001610752,272.25231,2025-12-16 13:37:22,,Doyle-2500-007 - Machine 8
600100,367235.504,2258867.85,893.32,INV-27-S01.csv,BS_INV-27_T_S01,1/30/2026,,,,,,,,,,,600100,COMPLETED,,0.000455035,272.2537805,2025-12-16 13:32:16,,Doyle-2500-007 - Machine 8
400218,366581.316,2260839.575,911.257,LaRock_INV-20_T_S03.csv,BS_INV-20_T_S03,1/13/2026,,,,,,,,,,,400218,COMPLETED,,0.003831771,277.7719428,2025-12-09 09:25:02,,Doyle-2500-011 - Machine 2
400219,366581.263,2260425.253,906.32,LaRock_INV-20_T_S03.csv,BS_INV-20_T_S03,1/13/2026,,,,,,,,,,,400219,COMPLETED,,0.003882431,276.264758,2025-12-06 14:30:04,,Doyle-2500-011 - Machine 2
400220,366084.112,2260859.075,899.84,LaRock_INV-20_T_S03.csv,BS_INV-20_T_S03,1/13/2026,,,,,,,,,,,400220,COMPLETED,,0.004141725,274.292759,2025-12-09 10:02:48,,Doyle-2500-011 - Machine 2
400221,365560.916,2260405.777,893.755,LaRock_INV-20_T_S03.csv,BS_INV-20_T_S03,1/13/2026,,,,,,,,,,,400221,COMPLETED,,0.00204515,272.42078,2025-12-06 13:31:35,,Doyle-2500-011 - Machine 2
400222,366084.18,2260405.796,900.435,LaRock_INV-20_T_S03.csv,BS_INV-20_T_S03,1/13/2026,,,,,,,,,,,400222,COMPLETED,,0.000634086,274.4516543,2025-12-06 14:05:54,,Doyle-2500-011 - Machine 2
400223,365561.006,2260859.271,889.153,LaRock_INV-20_T_S03.csv,BS_INV-20_T_S03,1/13/2026,,,,,,,,,,,400223,COMPLETED,,0.000802326,271.0268822,2025-12-06 13:16:51,,Doyle-2500-011 - Machine 2
400224,366087.533,2260621.657,900.545,LaRock_INV-20_T_S03.csv,BS_INV-20_T_S03,1/13/2026,,,,,,,,,,,400224,COMPLETED,,0.003201563,274.4954354,2025-12-08 16:09:11,,Doyle-2500-011 - Machine 2
400225,365942.866,2260621.772,898.979,LaRock_INV-20_T_S03.csv,BS_INV-20_T_S03,1/13/2026,,,,,,,,,,,400225,INCOMPLETE_NO_FINISH_TIME,,0.0,,,,Doyle-2500-011 - Machine 2
400226,366584.803,2260623.721,912.129,LaRock_INV-20_T_S03.csv,BS_INV-20_T_S03,1/13/2026,,,,,,,,,,,400226,COMPLETED,,0.001720683,278.06257,2025-12-06 14:41:44,,Doyle-2500-011 - Machine 2
400227,365942.907,2260623.832,898.947,LaRock_INV-20_T_S03.csv,BS_INV-20_T_S03,1/13/2026,,,,,,,,,,,400227,COMPLETED,,0.005598345,273.9932182,2025-12-09 07:33:41,,Doyle-2500-011 - Machine 2
400228,365811.723,2260680.999,898.762,LaRock_INV-20_T_S03.csv,BS_INV-20_T_S03,1/13/2026,,,,,,,,,,,400228,COMPLETED,,0.003724722,272.8637904,2025-12-05 14:23:42,,Doyle-2500-011 - Machine 2
400229,365557.619,2260680.416,888.325,LaRock_INV-20_T_S03.csv,BS_INV-20_T_S03,1/13/2026,,,,,,,,,,,400229,COMPLETED,,0.000729595,270.7560118,2025-12-05 13:40:42,,Doyle-2500-011 - Machine 2
600219,365954.376,2260620.888,902.552,LaRock_INV-20_T_S03.csv,BS_INV-20_T_S03,1/13/2026,,,,,,,,,,,600219,COMPLETED,,0.00046603,275.0999034,2025-12-09 08:06:49,,Doyle-2500-011 - Machine 2
600220,365949.265,2260621.009,902.393,LaRock_INV-20_T_S03.csv,BS_INV-20_T_S03,1/13/2026,,,,,,,,,,,600220,COMPLETED,,0.001316273,275.0451749,2025-12-09 08:03:36,,Doyle-2500-011 - Machine 2
600221,365959.927,2260620.887,902.538,LaRock_INV-20_T_S03.csv,BS_INV-20_T_S03,1/13/2026,,,,,,,,,,,600221,COMPLETED,,0.000427442,275.1076394,2025-12-09 08:10:37,,Doyle-2500-011 - Machine 2
600222,365943.804,2260620.818,902.335,LaRock_INV-20_T_S03.csv,BS_INV-20_T_S03,1/13/2026,,,,,,,,,,,600222,COMPLETED,,0.000613785,275.0537102,2025-12-09 07:59:13,,Doyle-2500-011 - Machine 2
600223,365954.663,2260624.512,902.581,LaRock_INV-20_T_S03.csv,BS_INV-20_T_S03,1/13/2026,,,,,,,,,,,600223,COMPLETED,,0.000733773,275.1047327,2025-12-09 08:25:26,,Doyle-2500-011 - Machine 2
600224,365949.452,2260624.59,902.529,LaRock_INV-20_T_S03.csv,BS_INV-20_T_S03,1/13/2026,,,,,,,,,,,600224,COMPLETED,,0.000926863,275.1093803,2025-12-09 08:23:13,,Doyle-2500-011 - Machine 2
600225,365959.803,2260624.576,902.637,LaRock_INV-20_T_S03.csv,BS_INV-20_T_S03,1/13/2026,,,,,,,,,,,600225,COMPLETED,,0.000868935,275.1261187,2025-12-09 08:28:16,,Doyle-2500-011 - Machine 2
600226,365943.865,2260624.6,902.446,LaRock_INV-20_T_S03.csv,BS_INV-20_T_S03,1/13/2026,,,,,,,,,,,600226,COMPLETED,,0.002149236,275.0728024,2025-12-09 08:19:16,,Doyle-2500-011 - Machine 2
600227,365811.401,2260679.391,898.994,LaRock_INV-20_T_S03.csv,BS_INV-20_T_S03,1/13/2026,,,,,,,,,,,600227,COMPLETED,,0.000750532,273.9941914,2025-12-05 14:34:47,,Doyle-2500-011 - Machine 2
600228,365804.508,2260679.444,898.208,LaRock_INV-20_T_S03.csv,BS_INV-20_T_S03,1/13/2026,,,,,,,,,,,600228,COMPLETED,,0.000803484,273.8007649,2025-12-05 14:38:27,,Doyle-2500-011 - Machine 2
600229,365804.591,2260681.122,898.233,LaRock_INV-20_T_S03.csv,BS_INV-20_T_S03,1/13/2026,,,,,,,,,,,600229,COMPLETED,,0.000397731,273.8019339,2025-12-05 14:49:48,,Doyle-2500-011 - Machine 2
600230,365811.716,2260681.096,898.756,LaRock_INV-20_T_S03.csv,BS_INV-20_T_S03,1/13/2026,,,,,,,,,,,600230,COMPLETED,,0.00053581,273.9939813,2025-12-05 14:46:01,,Doyle-2500-011 - Machine 2
400230,366084.093,2261541.726,902.615,LaRock_INV-21_Z-01_T_S03.csv,BS_INV-21_T_S03,1/6/2026,,,,,,,,,,,400230,COMPLETED,,0.001389005,275.1170407,2025-12-12 11:05:42,,Doyle-2500-020 - Machine 3
400231,366084.002,2260873.888,899.507,LaRock_INV-21_Z-01_T_S03.csv,BS_INV-21_T_S03,1/6/2026,,,,,,,,,,,400231,COMPLETED,,0.005425428,274.1987717,2025-12-09 10:26:26,,Doyle-2500-011 - Machine 2
400235,366087.486,2261169.764,900.063,LaRock_INV-21_Z-01_T_S03.csv,BS_INV-21_T_S03,1/6/2026,,,,,,,,,,,400235,INCOMPLETE_NO_FINISH_TIME,,0.002102106,,,,Doyle-2500-020 - Machine 3
400237,366087.576,2261167.625,900.014,LaRock_INV-21_Z-01_T_S03.csv,BS_INV-21_T_S03,1/6/2026,,,,,,,,,,,400237,INCOMPLETE_NO_FINISH_TIME,,0.01347191,,,,Doyle-2500-020 - Machine 3
