id,hammeringStatus,positioningTime,hammeringTime,headHeight,finishedAt,reachedAt,machine
600440,COMPLETED,,0.001170243,253.3392454,2026-01-14 11:08:28,,Doyle-2500-010 - Machine 1
600441,COMPLETED,,7.55324E-05,253.3642288,2026-01-14 11:14:56,,Doyle-2500-010 - Machine 1
600442,COMPLETED,,0.002413924,253.350686,2026-01-14 10:47:57,,Doyle-2500-010 - Machine 1
600443,INCOMPLETE_NO_FINISH_TIME,0.001112604,0.002535718,,,2026-01-14 10:56:39,Doyle-2500-010 - Machine 1
600444,COMPLETED,,7.73727E-05,253.3619353,2026-01-14 11:46:11,,Doyle-2500-010 - Machine 1
600445,COMPLETED,,7.65972E-05,253.3673873,2026-01-14 11:52:28,,Doyle-2500-010 - Machine 1
600446,COMPLETED,,0.00204985,253.3862926,2026-01-14 11:30:49,,Doyle-2500-010 - Machine 1
600447,COMPLETED,,0.00219588,253.3811293,2026-01-14 11:38:35,,Doyle-2500-010 - Machine 1
600448,COMPLETED,,5.04514E-05,253.3110876,2026-01-14 13:49:13,,Doyle-2500-010 - Machine 1
600449,COMPLETED,0.003098125,0.001551204,253.3270522,2026-01-14 13:42:14,2026-01-14 13:39:54,Doyle-2500-010 - Machine 1
600450,COMPLETED,,0.001250532,253.3468903,2026-01-14 13:56:04,,Doyle-2500-010 - Machine 1
600451,COMPLETED,,0.00125441,253.3194576,2026-01-14 13:35:27,,Doyle-2500-010 - Machine 1
600452,COMPLETED,,0.000550532,253.3146636,2026-01-14 13:29:49,,Doyle-2500-010 - Machine 1
600453,INCOMPLETE_NO_FINISH_TIME,,0.000767269,,,,Doyle-2500-010 - Machine 1
600454,COMPLETED,,0.000657743,253.3034229,2026-01-14 13:23:58,,Doyle-2500-010 - Machine 1
700007,INCOMPLETE_NO_FINISH_TIME,,0.002227396,,,,Doyle-2500-010 - Machine 1
600455,INCOMPLETE_NO_FINISH_TIME,,0.000398843,,,,Doyle-2500-010 - Machine 1
600456,COMPLETED,,0.000792303,253.5795287,2026-01-14 15:01:56,,Doyle-2500-010 - Machine 1
600457,COMPLETED,,0.001434595,253.5362,2026-01-14 15:15:02,,Doyle-2500-010 - Machine 1
600458,COMPLETED,0.002210417,0.001023148,253.6236079,2026-01-14 14:49:55,2026-01-14 14:48:24,Doyle-2500-010 - Machine 1
600459,COMPLETED,,0.000889618,253.5369846,2026-01-14 14:57:02,,Doyle-2500-010 - Machine 1
600460,COMPLETED,,0.000924722,253.6661648,2026-01-14 14:45:13,,Doyle-2500-010 - Machine 1
600461,COMPLETED,,0.000219248,253.5070746,2026-01-14 15:43:35,,Doyle-2500-010 - Machine 1
600462,COMPLETED,,0.000781748,253.5126046,2026-01-14 15:38:08,,Doyle-2500-010 - Machine 1
600463,INCOMPLETE_NO_FINISH_TIME,,0.001362037,,,,Doyle-2500-010 - Machine 1
600464,COMPLETED,,8.8588E-05,253.4741211,2026-01-14 15:25:45,,Doyle-2500-010 - Machine 1
600465,COMPLETED,,0.000257361,253.629151,2026-01-14 16:04:12,,Doyle-2500-010 - Machine 1
600466,COMPLETED,0.001361829,0.000348877,253.6240972,2026-01-14 16:08:28,2026-01-14 16:06:28,Doyle-2500-010 - Machine 1
600467,INCOMPLETE_NO_FINISH_TIME,,0.000533171,,,,Doyle-2500-010 - Machine 1
600468,COMPLETED,,0.000396007,253.6052909,2026-01-14 15:52:15,,Doyle-2500-010 - Machine 1
400026,COMPLETED,,0.003726157,273.9796926,2026-01-03 08:34:25,,Doyle-2500-010 - Machine 1
400154,COMPLETED,0.000685926,0.006364109,279.4896688,2026-01-03 07:40:17,2026-01-03 07:31:06,Doyle-2500-020 - Machine 3
400156,COMPLETED,,0.005146296,276.4105021,2026-01-03 08:48:44,,Doyle-2500-021 - Machine 4
400158,COMPLETED,0.002040648,0.002693229,274.2577432,2026-01-03 08:28:42,2026-01-03 08:19:37,Doyle-2500-020 - Machine 3
400159,INCOMPLETE_NO_FINISH_TIME,,0.001893113,,,,Doyle-2500-020 - Machine 3
500133,COMPLETED,,0.000814005,273.500628,2026-01-03 10:31:42,,Doyle-2500-011 - Machine 2
500134,COMPLETED,,0.001701007,273.4990964,2026-01-03 10:28:47,,Doyle-2500-011 - Machine 2
500135,COMPLETED,,0.000619456,273.4958188,2026-01-03 10:24:06,,Doyle-2500-011 - Machine 2
500136,COMPLETED,,0.000367211,273.4949099,2026-01-03 10:18:17,,Doyle-2500-011 - Machine 2
500137,COMPLETED,,0.000307188,273.4974073,2026-01-03 10:16:05,,Doyle-2500-011 - Machine 2
500138,COMPLETED,,0.000292176,273.4957563,2026-01-03 13:07:22,,Doyle-2500-011 - Machine 2
500139,COMPLETED,,0.000352037,273.49792,2026-01-03 13:09:25,,Doyle-2500-011 - Machine 2
500140,COMPLETED,,0.000710775,273.4961942,2026-01-03 13:18:14,,Doyle-2500-011 - Machine 2
500141,COMPLETED,,0.000829711,273.5021877,2026-01-03 13:22:57,,Doyle-2500-011 - Machine 2
500142,COMPLETED,,0.000673403,273.5017244,2026-01-03 13:25:53,,Doyle-2500-011 - Machine 2
500143,COMPLETED,,0.000845926,273.4989903,2026-01-03 13:28:22,,Doyle-2500-011 - Machine 2
500144,COMPLETED,,0.001171088,273.4988848,2026-01-03 10:21:50,,Doyle-2500-011 - Machine 2
600024,COMPLETED,,0.001155301,274.9001253,2026-01-03 08:25:14,,Doyle-2500-010 - Machine 1
600025,COMPLETED,,0.001097836,274.820993,2026-01-03 08:28:24,,Doyle-2500-010 - Machine 1
600026,COMPLETED,0.001186343,0.000968287,274.8434002,2026-01-03 08:19:20,2026-01-03 08:17:12,Doyle-2500-010 - Machine 1
600027,COMPLETED,0.001167373,0.00131037,274.9273314,2026-01-03 08:14:59,2026-01-03 08:12:38,Doyle-2500-010 - Machine 1
600150,COMPLETED,0.001213831,0.000958588,275.4753989,2026-01-03 08:08:45,2026-01-03 08:07:13,Doyle-2500-020 - Machine 3
600151,COMPLETED,,0.000615544,275.5595286,2026-01-03 08:05:25,,Doyle-2500-020 - Machine 3
600152,COMPLETED,0.000655174,0.001067546,275.4423305,2026-01-03 08:11:19,2026-01-03 08:09:43,Doyle-2500-020 - Machine 3
400027,INCOMPLETE_NO_FINISH_TIME,,0.001374664,,,,Doyle-2500-010 - Machine 1
400028,COMPLETED,,0.00129147,272.7272271,2026-01-02 10:37:30,,Doyle-2500-010 - Machine 1
400029,COMPLETED,,0.00255816,279.8841375,2026-01-02 14:04:05,,Doyle-2500-020 - Machine 3
400030,COMPLETED,,0.001516458,274.2458439,2026-01-02 10:15:21,,Doyle-2500-010 - Machine 1
400164,INCOMPLETE_NO_FINISH_TIME,,0.0016289,,,,Doyle-2500-020 - Machine 3
400165,COMPLETED,,0.001902731,279.8038516,2026-01-02 16:25:44,,Doyle-2500-020 - Machine 3
400166,COMPLETED,,0.008844988,276.358048,2026-01-02 14:02:24,,Doyle-2500-021 - Machine 4
400167,COMPLETED,,0.004879942,276.3639597,2026-01-03 08:07:53,,Doyle-2500-021 - Machine 4
400168,COMPLETED,,0.001769514,280.8753586,2026-01-03 07:40:34,,Doyle-2500-010 - Machine 1
400169,COMPLETED,,0.002570463,276.1367846,2026-01-02 16:12:11,,Doyle-2500-021 - Machine 4
400170,COMPLETED,,0.002879907,280.8655587,2026-01-03 07:34:26,,Doyle-2500-010 - Machine 1
400171,INCOMPLETE_NO_FINISH_TIME,,0.001590428,,,,Doyle-2500-020 - Machine 3
500145,COMPLETED,,0.001024537,279.1877267,2026-01-02 15:24:57,,Doyle-2500-011 - Machine 2
500146,COMPLETED,,0.016933032,281.9552047,2026-01-02 13:22:05,,Doyle-2500-011 - Machine 2
500147,COMPLETED,,0.000500972,279.1967673,2026-01-03 07:50:53,,Doyle-2500-011 - Machine 2
500148,COMPLETED,,0.000669178,279.1889541,2026-01-03 07:48:22,,Doyle-2500-011 - Machine 2
500149,COMPLETED,,0.000960081,279.1907332,2026-01-03 07:42:18,,Doyle-2500-011 - Machine 2
500150,COMPLETED,,0.000611701,279.1900803,2026-01-03 07:38:46,,Doyle-2500-011 - Machine 2
500151,COMPLETED,,0.000969074,279.1884351,2026-01-03 07:36:15,,Doyle-2500-011 - Machine 2
500152,COMPLETED,,0.000513403,279.1900923,2026-01-03 07:33:08,,Doyle-2500-011 - Machine 2
500153,COMPLETED,,0.000939954,279.1867043,2026-01-02 14:47:14,,Doyle-2500-011 - Machine 2
500154,COMPLETED,,0.001730868,279.1914777,2026-01-02 15:33:38,,Doyle-2500-011 - Machine 2
500155,COMPLETED,,0.003593345,279.1913303,2026-01-02 13:44:45,,Doyle-2500-011 - Machine 2
500156,COMPLETED,,0.000793333,279.1914112,2026-01-02 15:37:31,,Doyle-2500-011 - Machine 2
600028,COMPLETED,,0.001859109,280.5045436,2026-01-02 13:57:34,,Doyle-2500-020 - Machine 3
600029,COMPLETED,,0.00534515,280.6085086,2026-01-02 13:53:25,,Doyle-2500-020 - Machine 3
600030,INCOMPLETE_NO_FINISH_TIME,0.000464769,0.000643669,,,2026-01-02 13:38:27,Doyle-2500-020 - Machine 3
600031,COMPLETED,,0.00076184,280.5259187,2026-01-02 13:36:52,,Doyle-2500-020 - Machine 3
600159,COMPLETED,,0.001333125,281.7213186,2026-01-02 16:21:20,,Doyle-2500-010 - Machine 1
600160,COMPLETED,0.000507199,0.001482396,281.762145,2026-01-02 16:17:23,2026-01-02 16:15:09,Doyle-2500-010 - Machine 1
600161,INCOMPLETE_NO_FINISH_TIME,,0,,,,Doyle-2500-021 - Machine 4
600162,COMPLETED,,0.000338171,281.8023618,2026-01-02 16:14:25,,Doyle-2500-010 - Machine 1
600163,COMPLETED,0.000601308,0.001069317,281.6964156,2026-01-02 16:01:44,2026-01-02 16:00:04,Doyle-2500-010 - Machine 1
600164,COMPLETED,0.001447083,0.000878727,281.7469714,2026-01-02 15:59:12,2026-01-02 15:55:58,Doyle-2500-010 - Machine 1
600165,COMPLETED,,0.000265671,281.6424442,2026-01-02 16:09:54,,Doyle-2500-010 - Machine 1
600166,COMPLETED,,0.001002975,281.8135966,2026-01-02 15:53:53,,Doyle-2500-010 - Machine 1
800004,COMPLETED,,0.000161146,280.1656393,2026-01-03 07:54:17,,Doyle-2500-011 - Machine 2
400031,COMPLETED,,0.002823299,278.2125951,2025-12-31 15:54:07,,Doyle-2500-007 - Machine 8
400032,COMPLETED,,0.00174162,276.4432533,2025-12-31 15:19:36,,Doyle-2500-007 - Machine 8
400033,COMPLETED,,0.002509155,276.3185862,2026-01-02 11:03:21,,Doyle-2500-021 - Machine 4
400034,INCOMPLETE_NO_FINISH_TIME,,0.001266725,,,,Doyle-2500-021 - Machine 4
400035,INCOMPLETE_NO_FINISH_TIME,,0.001766655,,,,Doyle-2500-010 - Machine 1
400036,INCOMPLETE_NO_FINISH_TIME,,0.001739306,,,,Doyle-2500-010 - Machine 1
400037,COMPLETED,,0.010914317,276.761127,2025-12-31 15:36:16,,Doyle-2500-007 - Machine 8
400038,COMPLETED,,0.000104063,278.4435729,2026-01-02 07:54:49,,Doyle-2500-007 - Machine 8
400039,INCOMPLETE_NO_FINISH_TIME,0.002127998,0.00746588,,,2026-01-02 08:54:05,Doyle-2500-010 - Machine 1
400040,INCOMPLETE_NO_FINISH_TIME,,0.002666736,,,,Doyle-2500-007 - Machine 8
400041,INCOMPLETE_NO_FINISH_TIME,,0.009596424,,,,Doyle-2500-021 - Machine 4
400042,COMPLETED,,0.001410394,278.2053711,2026-01-02 08:37:31,,Doyle-2500-007 - Machine 8
400172,COMPLETED,,0.003830104,278.6088958,2025-12-31 13:28:46,,Doyle-2500-007 - Machine 8
400173,COMPLETED,,0.002315544,280.085221,2025-12-31 14:41:42,,Doyle-2500-007 - Machine 8
400174,COMPLETED,,0.002498484,278.8561032,2025-12-31 14:25:03,,Doyle-2500-007 - Machine 8
400175,COMPLETED,,0.001679039,279.0129155,2025-12-31 13:42:50,,Doyle-2500-007 - Machine 8
500013,COMPLETED,,0.000251956,277.5237747,2026-01-02 11:23:01,,Doyle-2500-011 - Machine 2
500014,COMPLETED,,0.000267118,277.5242957,2026-01-02 11:20:36,,Doyle-2500-011 - Machine 2
500015,COMPLETED,,0.000600231,277.5363037,2026-01-02 11:43:06,,Doyle-2500-011 - Machine 2
500016,COMPLETED,,0.000364282,277.5223919,2026-01-02 11:14:05,,Doyle-2500-011 - Machine 2
500017,COMPLETED,,0.000296551,277.5202112,2026-01-02 11:10:35,,Doyle-2500-011 - Machine 2
500018,COMPLETED,,0.000354537,277.5220159,2026-01-02 11:07:45,,Doyle-2500-011 - Machine 2
500019,COMPLETED,,0.000545868,277.5276925,2026-01-02 11:05:25,,Doyle-2500-011 - Machine 2
500020,COMPLETED,,0.00069919,277.5396476,2026-01-02 11:00:11,,Doyle-2500-011 - Machine 2
600032,COMPLETED,0.001984583,0.001286065,278.9320492,2026-01-02 08:18:51,2026-01-02 08:16:53,Doyle-2500-007 - Machine 8
600033,COMPLETED,0.001947859,1.56713E-05,278.9443601,2026-01-02 08:22:30,2026-01-02 08:21:48,Doyle-2500-007 - Machine 8
600034,COMPLETED,,0.000396285,278.887451,2026-01-02 08:13:57,,Doyle-2500-007 - Machine 8
600035,COMPLETED,,0.004692153,278.9534529,2026-01-02 08:56:59,,Doyle-2500-007 - Machine 8
600036,COMPLETED,,0.000634734,278.9893547,2026-01-02 08:49:57,,Doyle-2500-007 - Machine 8
600037,COMPLETED,,0.000266412,278.9140435,2026-01-02 08:09:27,,Doyle-2500-007 - Machine 8
600038,COMPLETED,,0.000410764,279.2246942,2026-01-02 07:47:06,,Doyle-2500-007 - Machine 8
600039,COMPLETED,,0.001075926,279.1726918,2026-01-02 07:40:35,,Doyle-2500-007 - Machine 8
600167,COMPLETED,0.001163183,0.001711331,279.6234238,2025-12-31 14:16:36,2025-12-31 14:13:48,Doyle-2500-007 - Machine 8
600168,COMPLETED,,0.003303171,279.9091861,2025-12-31 14:12:08,,Doyle-2500-007 - Machine 8
600169,COMPLETED,0.001065324,0.001394838,279.6201515,2025-12-31 14:06:38,2025-12-31 14:04:17,Doyle-2500-007 - Machine 8
600170,COMPLETED,,0.000346956,279.6328353,2025-12-31 14:02:31,,Doyle-2500-007 - Machine 8
400043,COMPLETED,,0.006950532,278.2572313,2026-01-02 10:42:25,,Doyle-2500-007 - Machine 8
400044,INCOMPLETE_NO_FINISH_TIME,,0.000254248,,,,Doyle-2500-010 - Machine 1
400045,COMPLETED,0.002170127,0.004681771,280.9262589,2026-01-02 07:48:21,2026-01-02 07:39:17,Doyle-2500-021 - Machine 4
400046,COMPLETED,0.001677674,0.001204178,276.3807424,2026-01-02 10:36:21,2026-01-02 10:33:26,Doyle-2500-021 - Machine 4
400047,INCOMPLETE_NO_FINISH_TIME,,0.001737685,,,,Doyle-2500-010 - Machine 1
400048,COMPLETED,,0.000159109,276.6561362,2026-01-02 08:35:24,,Doyle-2500-010 - Machine 1
400049,COMPLETED,,0.009181921,278.2659288,2026-01-02 10:56:18,,Doyle-2500-007 - Machine 8
400050,COMPLETED,,0.00095037,277.9774056,2026-01-02 11:23:06,,Doyle-2500-007 - Machine 8
400051,INCOMPLETE_NO_FINISH_TIME,,0.001645891,,,,Doyle-2500-007 - Machine 8
400052,COMPLETED,,0.004137141,277.1719627,2026-01-02 09:36:31,,Doyle-2500-021 - Machine 4
400053,INCOMPLETE_NO_FINISH_TIME,,0.000965405,,,,Doyle-2500-007 - Machine 8
400054,COMPLETED,,0.001521042,277.7593324,2026-01-02 08:29:45,,Doyle-2500-010 - Machine 1
400176,COMPLETED,,0.008878206,273.1639717,2025-12-31 10:48:43,,Doyle-2500-007 - Machine 8
400177,INCOMPLETE_NO_FINISH_TIME,,0.001090718,,,,Doyle-2500-007 - Machine 8
400178,COMPLETED,,0.002624236,277.6729936,2025-12-31 11:58:30,,Doyle-2500-007 - Machine 8
400179,COMPLETED,,0.003968727,275.2568914,2025-12-31 11:06:47,,Doyle-2500-007 - Machine 8
48454,INCOMPLETE_NO_FINISH_TIME,,0.003946458,,,,Doyle-2500-007 - Machine 8
500025,COMPLETED,,0.000690301,276.9123495,2026-01-02 07:57:25,,Doyle-2500-011 - Machine 2
500026,COMPLETED,,0.000606898,276.9160468,2026-01-02 07:50:41,,Doyle-2500-011 - Machine 2
500027,COMPLETED,,0.001217905,277.4434374,2026-01-02 07:45:42,,Doyle-2500-011 - Machine 2
500028,COMPLETED,,0.000262685,276.9142011,2026-01-02 07:39:07,,Doyle-2500-011 - Machine 2
500029,COMPLETED,,0.000822072,276.9135532,2026-01-02 07:35:50,,Doyle-2500-011 - Machine 2
500030,COMPLETED,,0.003068194,276.9050657,2026-01-02 08:55:38,,Doyle-2500-011 - Machine 2
500031,COMPLETED,,0.001241991,276.9190875,2026-01-02 08:44:43,,Doyle-2500-011 - Machine 2
500032,COMPLETED,,0.00084441,276.9131453,2026-01-02 08:38:59,,Doyle-2500-011 - Machine 2
500033,COMPLETED,,0.000742674,276.9152357,2026-01-02 08:34:57,,Doyle-2500-011 - Machine 2
500034,COMPLETED,,0.000189039,276.9153038,2026-01-02 08:31:12,,Doyle-2500-011 - Machine 2
500035,COMPLETED,,0.000152766,276.9149354,2026-01-02 08:27:29,,Doyle-2500-011 - Machine 2
500036,COMPLETED,,0.000343634,276.9037822,2026-01-02 07:28:41,,Doyle-2500-011 - Machine 2
600040,COMPLETED,,0.001008657,279.0278657,2026-01-02 11:39:32,,Doyle-2500-007 - Machine 8
600041,COMPLETED,,0.000763356,279.0082103,2026-01-02 11:34:10,,Doyle-2500-007 - Machine 8
600042,COMPLETED,,0.002117986,279.0485853,2026-01-02 11:42:52,,Doyle-2500-007 - Machine 8
600043,COMPLETED,0.001171806,0.000715845,278.9828174,2026-01-02 11:59:09,2026-01-02 11:57:19,Doyle-2500-007 - Machine 8
600044,COMPLETED,,0.000776806,278.9703301,2026-01-02 12:39:54,,Doyle-2500-007 - Machine 8
600045,COMPLETED,,0.000587118,279.0162557,2026-01-02 11:55:38,,Doyle-2500-007 - Machine 8
600046,COMPLETED,,0.000559421,278.73542,2026-01-02 11:13:03,,Doyle-2500-007 - Machine 8
600047,COMPLETED,,0.000503495,278.7808753,2026-01-02 11:05:43,,Doyle-2500-007 - Machine 8
600048,COMPLETED,,0.000600509,278.7780873,2026-01-02 11:09:15,,Doyle-2500-007 - Machine 8
600171,COMPLETED,,0.00357272,278.4153079,2025-12-31 11:42:57,,Doyle-2500-007 - Machine 8
600172,COMPLETED,,0.001272361,278.4027579,2025-12-31 11:49:10,,Doyle-2500-007 - Machine 8
600173,COMPLETED,,0.000379907,278.4200904,2025-12-31 11:36:41,,Doyle-2500-007 - Machine 8
600174,COMPLETED,,0.000511505,278.4175976,2025-12-31 11:31:28,,Doyle-2500-007 - Machine 8
800005,COMPLETED,,0.01074088,277.3167078,2026-01-02 13:54:50,,Doyle-2500-007 - Machine 8
400055,INCOMPLETE_NO_FINISH_TIME,,0.005717928,,,,Doyle-2500-010 - Machine 1
400056,COMPLETED,,0.00228581,270.8074318,2025-12-17 15:05:55,,Doyle-2500-010 - Machine 1
400057,COMPLETED,,0.001302604,275.3751417,2025-12-18 11:21:50,,Doyle-2500-007 - Machine 8
400058,COMPLETED,,0.001436528,279.6459437,2025-12-31 11:48:59,,Doyle-2500-010 - Machine 1
400059,COMPLETED,0.001963553,0.003029722,281.0779945,2025-12-31 11:36:56,2025-12-31 11:32:33,Doyle-2500-010 - Machine 1
400060,COMPLETED,,0.001071655,275.8072929,2025-12-18 10:17:12,,Doyle-2500-007 - Machine 8
400061,COMPLETED,,0.002160069,274.1228007,2025-12-17 16:15:03,,Doyle-2500-010 - Machine 1
400062,COMPLETED,,0.00455941,273.4998369,2025-12-31 13:23:12,,Doyle-2500-021 - Machine 4
400063,INCOMPLETE_NO_FINISH_TIME,,0.001753819,,,,Doyle-2500-010 - Machine 1
400064,COMPLETED,,0.006737627,275.3012001,2025-12-31 11:48:20,,Doyle-2500-021 - Machine 4
400065,COMPLETED,,0.001493356,280.3649519,2025-12-31 10:58:48,,Doyle-2500-010 - Machine 1
400066,COMPLETED,0.00812103,0.002972095,275.2820054,2025-12-31 11:24:30,2025-12-31 11:15:25,Doyle-2500-021 - Machine 4
400180,COMPLETED,,0.00783125,272.7628181,2025-12-31 10:34:14,,Doyle-2500-007 - Machine 8
400181,COMPLETED,,0.000897894,272.9716558,2025-12-17 15:09:13,,Doyle-2500-020 - Machine 3
400182,COMPLETED,,0.001590706,271.4959827,2025-12-31 10:13:58,,Doyle-2500-007 - Machine 8
400183,COMPLETED,,0.002438854,272.7906829,2025-12-30 15:59:35,,Doyle-2500-007 - Machine 8
500037,COMPLETED,,0.000246979,271.387645,2025-12-31 15:17:53,,Doyle-2500-011 - Machine 2
500038,COMPLETED,,0.000315683,271.3867062,2025-12-31 15:00:18,,Doyle-2500-011 - Machine 2
500039,COMPLETED,,0.000306644,271.3870645,2025-12-31 14:55:53,,Doyle-2500-011 - Machine 2
500040,COMPLETED,,9.47454E-05,271.3871773,2025-12-31 14:52:41,,Doyle-2500-011 - Machine 2
500041,COMPLETED,,0.000223669,271.3866255,2025-12-31 14:49:34,,Doyle-2500-011 - Machine 2
500042,COMPLETED,,2.00579E-05,271.3880993,2025-12-31 13:55:45,,Doyle-2500-011 - Machine 2
500043,COMPLETED,,0.000143623,279.1046105,2025-12-31 13:53:13,,Doyle-2500-011 - Machine 2
500044,COMPLETED,,0.000230995,271.3895633,2025-12-31 13:55:43,,Doyle-2500-011 - Machine 2
500045,COMPLETED,,0.00111059,271.3884556,2025-12-31 14:38:20,,Doyle-2500-011 - Machine 2
500046,COMPLETED,,0.0001239,271.386831,2025-12-31 14:05:42,,Doyle-2500-011 - Machine 2
500047,COMPLETED,,0.000170208,271.3836639,2025-12-31 14:11:27,,Doyle-2500-011 - Machine 2
500048,COMPLETED,,0.000369398,271.3878731,2025-12-31 14:07:59,,Doyle-2500-011 - Machine 2
600049,COMPLETED,,0.000236458,276.0061217,2025-12-31 10:53:15,,Doyle-2500-021 - Machine 4
600050,COMPLETED,0.001250023,0.000782303,276.0067614,2025-12-31 11:00:13,2025-12-31 10:56:03,Doyle-2500-021 - Machine 4
600051,COMPLETED,0.001130984,0.004177315,276.0063814,2025-12-31 10:44:19,2025-12-31 10:33:05,Doyle-2500-021 - Machine 4
600052,COMPLETED,0.001059954,0.001218912,276.0755756,2025-12-31 10:23:24,2025-12-31 10:19:55,Doyle-2500-021 - Machine 4
600053,COMPLETED,0.000621412,0.003252951,276.1171291,2025-12-31 10:29:54,2025-12-31 10:24:27,Doyle-2500-021 - Machine 4
600054,COMPLETED,,0.002143912,276.0381302,2025-12-31 10:17:21,,Doyle-2500-021 - Machine 4
600055,COMPLETED,,0.000785382,274.1489961,2025-12-31 13:03:18,,Doyle-2500-021 - Machine 4
600056,COMPLETED,,0.001765787,274.2731751,2025-12-31 12:46:09,,Doyle-2500-021 - Machine 4
600057,COMPLETED,,0.000606262,274.1400618,2025-12-31 12:55:48,,Doyle-2500-021 - Machine 4
600058,COMPLETED,,0.005377963,274.3085148,2025-12-31 13:11:09,,Doyle-2500-021 - Machine 4
600175,COMPLETED,,0.00040162,272.2759947,2025-12-31 09:38:27,,Doyle-2500-007 - Machine 8
600176,COMPLETED,0.002539213,0.001816921,272.2744265,2025-12-31 09:45:01,2025-12-31 09:42:13,Doyle-2500-007 - Machine 8
600177,COMPLETED,,0.002008391,272.2461703,2025-12-31 09:24:14,,Doyle-2500-007 - Machine 8
600178,COMPLETED,,0.000280417,272.2376677,2025-12-31 09:30:13,,Doyle-2500-007 - Machine 8
700006,INCOMPLETE_NO_FINISH_TIME,0.013729456,0.000872778,,,2025-12-31 10:06:18,Doyle-2500-010 - Machine 1
400184,COMPLETED,,0.002136528,275.1647805,2025-12-30 15:47:01,,Doyle-2500-010 - Machine 1
400185,COMPLETED,0.002862581,0.002139965,276.8797944,2025-12-30 09:04:35,2025-12-30 09:00:44,Doyle-2500-010 - Machine 1
400186,COMPLETED,0.000989618,0.003025104,276.3548912,2025-12-30 09:24:36,2025-12-30 09:20:13,Doyle-2500-010 - Machine 1
400187,COMPLETED,,0.005004051,279.107142,2025-12-31 13:22:05,,Doyle-2500-011 - Machine 2
400190,COMPLETED,,0.004162257,281.8026123,2025-12-30 13:23:58,,Doyle-2500-021 - Machine 4
400191,INCOMPLETE_NO_FINISH_TIME,,0.004472882,,,,Doyle-2500-021 - Machine 4
400192,COMPLETED,,0.000999954,278.0016625,2025-12-30 13:16:56,,Doyle-2500-010 - Machine 1
400193,COMPLETED,,0.001967315,276.2917416,2025-12-30 09:34:43,,Doyle-2500-010 - Machine 1
500157,INCOMPLETE_NO_FINISH_TIME,,0.00054478,,,,Doyle-2500-011 - Machine 2
500158,INCOMPLETE_NO_FINISH_TIME,,0.002860799,,,,Doyle-2500-011 - Machine 2
500159,COMPLETED,,0.000997986,277.8646094,2025-12-31 09:14:59,,Doyle-2500-011 - Machine 2
500160,COMPLETED,,2.14583E-05,277.8590585,2025-12-30 15:12:35,,Doyle-2500-011 - Machine 2
500161,INCOMPLETE_NO_FINISH_TIME,,0.001332523,,,,Doyle-2500-011 - Machine 2
500162,COMPLETED,,0.001755625,277.8592151,2025-12-31 09:51:16,,Doyle-2500-011 - Machine 2
500163,COMPLETED,,0.00065978,277.8580123,2025-12-31 10:57:34,,Doyle-2500-011 - Machine 2
500164,COMPLETED,,0.002337813,277.8597708,2025-12-31 10:37:10,,Doyle-2500-011 - Machine 2
500165,INCOMPLETE_NO_FINISH_TIME,,0.001523009,,,,Doyle-2500-011 - Machine 2
500166,COMPLETED,,0.004510359,277.8586746,2025-12-31 10:05:58,,Doyle-2500-011 - Machine 2
500167,COMPLETED,,0.002795023,277.8595198,2025-12-31 09:36:14,,Doyle-2500-011 - Machine 2
500168,INCOMPLETE_NO_FINISH_TIME,,0.00099235,,,,Doyle-2500-011 - Machine 2
600179,COMPLETED,,0.000864537,281.3778692,2025-12-30 16:08:33,,Doyle-2500-021 - Machine 4
600180,COMPLETED,,0.000419977,281.6334024,2025-12-30 15:53:19,,Doyle-2500-021 - Machine 4
600181,COMPLETED,,0.001437581,281.5231994,2025-12-30 15:58:28,,Doyle-2500-021 - Machine 4
600182,COMPLETED,0.001500845,0.001169537,281.4523298,2025-12-30 16:03:39,2025-12-30 16:00:38,Doyle-2500-021 - Machine 4
600183,COMPLETED,,0.000408206,281.4532321,2025-12-30 15:09:53,,Doyle-2500-021 - Machine 4
600184,COMPLETED,0.002550451,0.000707164,281.3876817,2025-12-30 15:16:02,2025-12-30 15:13:37,Doyle-2500-021 - Machine 4
600185,COMPLETED,,0.000534826,281.5577214,2025-12-30 15:05:26,,Doyle-2500-021 - Machine 4
600186,COMPLETED,0.000589028,0.001223391,281.2857869,2025-12-30 15:19:54,2025-12-30 15:16:54,Doyle-2500-021 - Machine 4
600187,COMPLETED,,0.001111759,278.9158554,2025-12-30 12:57:11,,Doyle-2500-010 - Machine 1
600188,COMPLETED,,0.001015035,278.7786139,2025-12-30 12:52:11,,Doyle-2500-010 - Machine 1
600189,COMPLETED,,0.000766956,278.9110384,2025-12-30 12:47:08,,Doyle-2500-010 - Machine 1
600190,COMPLETED,,0.000686771,278.7808025,2025-12-30 12:41:49,,Doyle-2500-010 - Machine 1
400194,COMPLETED,,0.00480978,273.1915312,2025-12-17 10:51:34,,Doyle-2500-033 - Machine 10
400195,COMPLETED,,0.002411586,272.7759027,2025-12-17 10:02:58,,Doyle-2500-033 - Machine 10
400197,COMPLETED,,0.001276169,272.9308399,2026-01-03 09:35:08,,Doyle-2500-010 - Machine 1
400199,INCOMPLETE_NO_FINISH_TIME,,0.00312838,,,,Doyle-2500-007 - Machine 8
400201,COMPLETED,,0.001579063,271.8001342,2025-12-17 08:08:57,,Doyle-2500-007 - Machine 8
400202,COMPLETED,0.001271424,0.002332106,272.434889,2025-12-17 08:57:41,2025-12-17 08:53:06,Doyle-2500-033 - Machine 10
400203,INCOMPLETE_NO_FINISH_TIME,,0.004096343,,,,Doyle-2500-033 - Machine 10
400204,COMPLETED,,0.003079745,272.3327839,2025-12-17 08:49:00,,Doyle-2500-033 - Machine 10
400205,INCOMPLETE_NO_FINISH_TIME,,0.01093147,,,,Doyle-2500-033 - Machine 10
500169,COMPLETED,,0.000735266,271.2428941,2026-01-05 15:59:12,,Doyle-2500-011 - Machine 2
500170,INCOMPLETE_NO_FINISH_TIME,,0.001443056,,,,Doyle-2500-011 - Machine 2
500171,COMPLETED,,0.000722963,271.2391867,2026-01-05 08:00:07,,Doyle-2500-011 - Machine 2
500172,COMPLETED,,0.002067998,271.2405682,2026-01-05 08:05:38,,Doyle-2500-011 - Machine 2
500173,COMPLETED,,0.001595475,271.2432253,2026-01-05 08:11:59,,Doyle-2500-011 - Machine 2
500174,INCOMPLETE_NO_FINISH_TIME,,0.000160613,,,,Doyle-2500-011 - Machine 2
500175,COMPLETED,,0.000430544,271.2377597,2026-01-05 15:42:11,,Doyle-2500-011 - Machine 2
500176,COMPLETED,,0.000912743,271.2406408,2026-01-05 15:44:48,,Doyle-2500-011 - Machine 2
500177,COMPLETED,,0.000719514,271.2377448,2026-01-05 15:47:15,,Doyle-2500-011 - Machine 2
500178,COMPLETED,,0.000577199,271.2415367,2026-01-05 15:49:26,,Doyle-2500-011 - Machine 2
500179,COMPLETED,,0.000798206,271.2391776,2026-01-05 15:51:56,,Doyle-2500-011 - Machine 2
500180,COMPLETED,,0.00125941,271.2418688,2026-01-05 15:55:17,,Doyle-2500-011 - Machine 2
700004,INCOMPLETE_NO_FINISH_TIME,0.000861134,0.007543773,,,2026-01-12 12:37:00,Doyle-2500-010 - Machine 1
400206,COMPLETED,,0.001295532,272.1236682,2025-12-06 13:38:57,,Doyle-2500-011 - Machine 2
400207,COMPLETED,0.001509919,0.00135125,273.1990174,2025-12-17 11:44:53,2025-12-17 11:41:41,Doyle-2500-033 - Machine 10
400208,COMPLETED,,0.003067396,274.4665332,2025-12-06 13:58:12,,Doyle-2500-011 - Machine 2
400210,COMPLETED,,0.001542188,272.0001913,2025-12-05 10:26:14,,Doyle-2500-011 - Machine 2
400211,COMPLETED,,0.001015324,272.2532382,2025-12-03 15:21:13,,Doyle-2500-011 - Machine 2
400212,COMPLETED,,0.003615856,272.0126131,2025-12-05 10:17:01,,Doyle-2500-011 - Machine 2
400213,COMPLETED,,0.000934051,272.2691197,2025-12-03 15:30:19,,Doyle-2500-011 - Machine 2
400214,COMPLETED,,0.001054387,271.5961098,2025-12-04 12:41:11,,Doyle-2500-011 - Machine 2
400215,COMPLETED,,0.000867801,269.9025205,2025-12-04 15:32:02,,Doyle-2500-011 - Machine 2
400216,COMPLETED,,0.000860648,271.4942559,2025-12-04 12:49:37,,Doyle-2500-011 - Machine 2
400217,COMPLETED,,0.000833924,269.8963974,2025-12-04 15:22:51,,Doyle-2500-011 - Machine 2
48453,COMPLETED,,0.003200428,272.6441323,2026-01-12 11:09:24,,Doyle-2500-010 - Machine 1
500181,COMPLETED,,0.001935336,271.9247498,2025-12-03 13:37:01,,Doyle-2500-011 - Machine 2
500182,COMPLETED,,0.001379213,271.96434,2025-12-03 13:25:53,,Doyle-2500-011 - Machine 2
500183,COMPLETED,,0.001870521,272.0125315,2025-12-03 13:18:11,,Doyle-2500-011 - Machine 2
500184,COMPLETED,,0.000960197,272.036511,2025-12-03 13:07:55,,Doyle-2500-011 - Machine 2
500185,COMPLETED,,0.015428137,272.1485409,2025-12-03 13:00:16,,Doyle-2500-011 - Machine 2
500186,COMPLETED,,0.003995891,272.1601273,2025-12-03 11:58:03,,Doyle-2500-011 - Machine 2
500187,COMPLETED,,0.001247662,272.1968688,2025-12-03 14:32:08,,Doyle-2500-011 - Machine 2
500188,COMPLETED,,0.000739421,272.1341257,2025-12-03 14:22:22,,Doyle-2500-011 - Machine 2
500189,COMPLETED,,0.001070706,272.0775178,2025-12-03 14:14:49,,Doyle-2500-011 - Machine 2
500190,COMPLETED,,0.000888194,272.0568882,2025-12-03 14:05:42,,Doyle-2500-011 - Machine 2
500191,COMPLETED,,0.001396412,271.9951113,2025-12-03 13:57:56,,Doyle-2500-011 - Machine 2
500192,COMPLETED,,0.001949271,271.9664481,2025-12-03 13:50:49,,Doyle-2500-011 - Machine 2
600205,COMPLETED,,0.005245741,272.8995968,2025-12-04 10:30:51,,Doyle-2500-011 - Machine 2
600206,COMPLETED,,0.001404792,272.8843824,2025-12-03 15:59:27,,Doyle-2500-011 - Machine 2
600207,COMPLETED,,0.000578472,272.9154101,2025-12-04 10:47:30,,Doyle-2500-011 - Machine 2
600208,COMPLETED,,0.000235,272.922573,2025-12-04 10:38:18,,Doyle-2500-011 - Machine 2
600209,COMPLETED,,0.000994074,272.9076321,2025-12-03 15:53:42,,Doyle-2500-011 - Machine 2
600210,COMPLETED,,0.000756644,272.9471188,2025-12-04 10:43:30,,Doyle-2500-011 - Machine 2
600211,COMPLETED,0.000871759,0.005504803,272.4260802,2025-12-16 16:49:57,2025-12-16 16:41:21,Doyle-2500-021 - Machine 4
600212,COMPLETED,,0.000800845,272.3836214,2025-12-04 13:19:44,,Doyle-2500-011 - Machine 2
600213,COMPLETED,,0.000866991,272.3939439,2025-12-04 13:23:14,,Doyle-2500-011 - Machine 2
600214,COMPLETED,0.003601042,0.002215949,272.4373188,2025-12-16 16:38:09,2025-12-16 16:34:57,Doyle-2500-021 - Machine 4
600215,COMPLETED,,0.000624248,272.5543152,2025-12-04 13:38:25,,Doyle-2500-011 - Machine 2
600216,COMPLETED,,0.000675972,272.5959345,2025-12-04 13:28:34,,Doyle-2500-011 - Machine 2
600217,COMPLETED,,0.000648646,272.6141761,2025-12-04 13:32:04,,Doyle-2500-011 - Machine 2
600218,COMPLETED,,0.000692755,272.5690213,2025-12-04 13:41:37,,Doyle-2500-011 - Machine 2
800003,INCOMPLETE_NO_FINISH_TIME,0.011486863,0.001945694,,,2026-01-12 10:50:45,Doyle-2500-010 - Machine 1
400218,COMPLETED,,0.003831771,277.7719428,2025-12-09 09:25:02,,Doyle-2500-011 - Machine 2
400219,COMPLETED,,0.003882431,276.264758,2025-12-06 14:30:04,,Doyle-2500-011 - Machine 2
400220,COMPLETED,,0.004141725,274.292759,2025-12-09 10:02:48,,Doyle-2500-011 - Machine 2
400221,COMPLETED,,0.00204515,272.42078,2025-12-06 13:31:35,,Doyle-2500-011 - Machine 2
400222,COMPLETED,,0.000634086,274.4516543,2025-12-06 14:05:54,,Doyle-2500-011 - Machine 2
400223,COMPLETED,,0.000802326,271.0268822,2025-12-06 13:16:51,,Doyle-2500-011 - Machine 2
400224,COMPLETED,,0.003201563,274.4954354,2025-12-08 16:09:11,,Doyle-2500-011 - Machine 2
400225,INCOMPLETE_NO_FINISH_TIME,,0,,,,Doyle-2500-011 - Machine 2
400226,COMPLETED,,0.001720683,278.06257,2025-12-06 14:41:44,,Doyle-2500-011 - Machine 2
400227,COMPLETED,,0.005598345,273.9932182,2025-12-09 07:33:41,,Doyle-2500-011 - Machine 2
400228,COMPLETED,,0.003724722,272.8637904,2025-12-05 14:23:42,,Doyle-2500-011 - Machine 2
400229,COMPLETED,,0.000729595,270.7560118,2025-12-05 13:40:42,,Doyle-2500-011 - Machine 2
500193,COMPLETED,,0.001706806,272.1098464,2025-12-11 11:08:15,,Doyle-2500-011 - Machine 2
500194,COMPLETED,,0.004014977,272.764988,2025-12-11 12:47:37,,Doyle-2500-011 - Machine 2
500195,COMPLETED,,0.004385544,272.7704744,2025-12-11 13:04:58,,Doyle-2500-011 - Machine 2
500196,COMPLETED,,0.003699919,272.0106671,2025-12-11 13:20:18,,Doyle-2500-011 - Machine 2
500197,COMPLETED,,0.005616262,272.019686,2025-12-11 13:47:53,,Doyle-2500-011 - Machine 2
500198,COMPLETED,,0.003131921,272.76918,2025-12-11 11:52:57,,Doyle-2500-011 - Machine 2
500199,COMPLETED,,0.006158206,272.7674587,2025-12-11 08:54:29,,Doyle-2500-011 - Machine 2
500200,COMPLETED,,0.003481227,272.7614748,2025-12-11 11:00:03,,Doyle-2500-011 - Machine 2
500201,COMPLETED,,0.00365397,272.7655219,2025-12-11 10:50:15,,Doyle-2500-011 - Machine 2
500202,COMPLETED,,0.003722014,272.7677924,2025-12-11 10:25:22,,Doyle-2500-011 - Machine 2
500203,COMPLETED,,0.001443148,271.9203225,2025-12-11 09:18:02,,Doyle-2500-011 - Machine 2
500204,COMPLETED,,0.00393265,272.7696068,2025-12-11 10:12:05,,Doyle-2500-011 - Machine 2
600219,COMPLETED,,0.00046603,275.0999034,2025-12-09 08:06:49,,Doyle-2500-011 - Machine 2
600220,COMPLETED,,0.001316273,275.0451749,2025-12-09 08:03:36,,Doyle-2500-011 - Machine 2
600221,COMPLETED,,0.000427442,275.1076394,2025-12-09 08:10:37,,Doyle-2500-011 - Machine 2
600222,COMPLETED,,0.000613785,275.0537102,2025-12-09 07:59:13,,Doyle-2500-011 - Machine 2
600223,COMPLETED,,0.000733773,275.1047327,2025-12-09 08:25:26,,Doyle-2500-011 - Machine 2
600224,COMPLETED,,0.000926863,275.1093803,2025-12-09 08:23:13,,Doyle-2500-011 - Machine 2
600225,COMPLETED,,0.000868935,275.1261187,2025-12-09 08:28:16,,Doyle-2500-011 - Machine 2
600226,COMPLETED,,0.002149236,275.0728024,2025-12-09 08:19:16,,Doyle-2500-011 - Machine 2
600227,COMPLETED,,0.000750532,273.9941914,2025-12-05 14:34:47,,Doyle-2500-011 - Machine 2
600228,COMPLETED,,0.000803484,273.8007649,2025-12-05 14:38:27,,Doyle-2500-011 - Machine 2
600229,COMPLETED,,0.000397731,273.8019339,2025-12-05 14:49:48,,Doyle-2500-011 - Machine 2
600230,COMPLETED,,0.00053581,273.9939813,2025-12-05 14:46:01,,Doyle-2500-011 - Machine 2
400230,COMPLETED,,0.001389005,275.1170407,2025-12-12 11:05:42,,Doyle-2500-020 - Machine 3
400231,COMPLETED,,0.005425428,274.1987717,2025-12-09 10:26:26,,Doyle-2500-011 - Machine 2
400232,COMPLETED,,0.003253044,273.2330282,2025-12-12 12:59:04,,Doyle-2500-011 - Machine 2
400233,COMPLETED,,0.000676736,271.0145667,2025-12-11 14:38:16,,Doyle-2500-011 - Machine 2
400234,COMPLETED,,0.003427894,274.2585225,2025-12-15 08:32:17,,Doyle-2500-011 - Machine 2
400235,INCOMPLETE_NO_FINISH_TIME,,0.002102106,,,,Doyle-2500-020 - Machine 3
400236,COMPLETED,,0.001467014,273.7354651,2025-12-15 08:36:06,,Doyle-2500-011 - Machine 2
400237,INCOMPLETE_NO_FINISH_TIME,,0.01347191,,,,Doyle-2500-020 - Machine 3
400238,COMPLETED,,0.003955012,273.500234,2025-12-12 11:14:14,,Doyle-2500-011 - Machine 2
400239,COMPLETED,,0.004067188,271.5724985,2025-12-12 08:33:12,,Doyle-2500-011 - Machine 2
400240,COMPLETED,,0.002584988,273.434272,2025-12-12 11:52:29,,Doyle-2500-011 - Machine 2
400241,COMPLETED,,0.003894988,271.472386,2025-12-11 15:02:52,,Doyle-2500-011 - Machine 2
500205,COMPLETED,,0.001131053,272.9235956,2025-12-15 10:30:20,,Doyle-2500-011 - Machine 2
500206,INCOMPLETE_NO_FINISH_TIME,,0.005876343,,,,Doyle-2500-011 - Machine 2
500207,COMPLETED,,0.002407951,272.699581,2025-12-15 10:05:55,,Doyle-2500-011 - Machine 2
500208,COMPLETED,,0.00175853,273.2618894,2025-12-15 09:56:07,,Doyle-2500-011 - Machine 2
500209,COMPLETED,,0.001518912,272.6888615,2025-12-15 09:31:14,,Doyle-2500-011 - Machine 2
500210,COMPLETED,,0.001752176,273.3006894,2025-12-15 11:34:27,,Doyle-2500-011 - Machine 2
500211,COMPLETED,,0.001539398,273.2130405,2025-12-15 11:52:12,,Doyle-2500-011 - Machine 2
500212,COMPLETED,,0.001616701,272.7327638,2025-12-15 12:04:26,,Doyle-2500-011 - Machine 2
500213,COMPLETED,,0.001813067,273.3615243,2025-12-15 13:04:30,,Doyle-2500-011 - Machine 2
500214,COMPLETED,,0.001412245,273.2145997,2025-12-15 13:25:36,,Doyle-2500-011 - Machine 2
500215,COMPLETED,,0.001467697,272.6686034,2025-12-15 11:21:43,,Doyle-2500-011 - Machine 2
500216,INCOMPLETE_NO_FINISH_TIME,,0.001672245,,,,Doyle-2500-011 - Machine 2
600231,COMPLETED,,0.005684375,275.4017283,2025-12-15 08:11:49,,Doyle-2500-011 - Machine 2
600232,COMPLETED,,0.001198403,275.3091633,2025-12-15 08:18:06,,Doyle-2500-011 - Machine 2
600233,COMPLETED,,0.001248079,275.3739962,2025-12-15 08:15:13,,Doyle-2500-011 - Machine 2
600234,COMPLETED,,0.001042639,275.4000759,2025-12-15 08:45:02,,Doyle-2500-011 - Machine 2
600235,COMPLETED,,0.001636007,275.3685609,2025-12-15 08:42:03,,Doyle-2500-011 - Machine 2
600236,COMPLETED,,0.000377662,275.4570592,2025-12-15 08:47:19,,Doyle-2500-011 - Machine 2
600237,COMPLETED,,0.003233299,274.5425123,2025-12-12 11:41:57,,Doyle-2500-011 - Machine 2
600238,COMPLETED,,0.001957662,274.4268642,2025-12-12 11:34:40,,Doyle-2500-011 - Machine 2
600239,COMPLETED,,0.001945417,274.5334219,2025-12-12 11:59:26,,Doyle-2500-011 - Machine 2
600240,COMPLETED,,0.00109287,274.4142171,2025-12-12 12:02:52,,Doyle-2500-011 - Machine 2
600241,COMPLETED,,0.000463715,274.5396259,2025-12-12 11:00:41,,Doyle-2500-011 - Machine 2
600242,COMPLETED,,0.001009109,274.4723693,2025-12-12 11:03:54,,Doyle-2500-011 - Machine 2
600243,COMPLETED,,0.000203067,273.8175253,2025-12-12 11:18:00,,Doyle-2500-011 - Machine 2
600244,COMPLETED,,0.000958299,274.484381,2025-12-12 11:23:27,,Doyle-2500-011 - Machine 2
400254,COMPLETED,,0.006508137,276.8349584,2025-12-17 08:09:06,,Doyle-2500-020 - Machine 3
400255,COMPLETED,0.000448738,0.002099769,270.3898619,2025-12-15 16:08:57,2025-12-15 16:05:50,Doyle-2500-020 - Machine 3
400256,COMPLETED,,0.002066238,276.9846233,2025-12-30 12:21:05,,Doyle-2500-007 - Machine 8
400257,COMPLETED,,0.003964306,275.6245731,2025-12-29 10:47:39,,Doyle-2500-010 - Machine 1
400258,COMPLETED,,0.00210022,274.7218248,2025-12-17 11:55:36,,Doyle-2500-011 - Machine 2
400259,COMPLETED,,0.005515197,275.1322432,2025-12-29 11:53:13,,Doyle-2500-010 - Machine 1
400260,COMPLETED,,0.000134167,273.3739016,2025-12-17 13:00:23,,Doyle-2500-011 - Machine 2
400261,COMPLETED,,0.004315984,275.3381491,2025-12-29 11:44:33,,Doyle-2500-010 - Machine 1
500229,COMPLETED,,0.001343866,273.1174656,2025-12-16 15:34:51,,Doyle-2500-011 - Machine 2
500230,COMPLETED,,0.001019201,273.562833,2025-12-16 16:32:34,,Doyle-2500-011 - Machine 2
500231,COMPLETED,,0.00077735,273.3873026,2025-12-16 16:22:30,,Doyle-2500-011 - Machine 2
500232,COMPLETED,,0.00176838,273.3983757,2025-12-16 16:01:22,,Doyle-2500-011 - Machine 2
500233,COMPLETED,,0.001848252,273.331171,2025-12-16 15:48:01,,Doyle-2500-011 - Machine 2
500234,COMPLETED,,0.001348935,273.4119451,2025-12-16 15:22:06,,Doyle-2500-011 - Machine 2
500235,COMPLETED,,0.001176597,273.3230304,2025-12-17 10:38:36,,Doyle-2500-011 - Machine 2
500236,COMPLETED,,0.001491377,273.2996758,2025-12-17 10:27:41,,Doyle-2500-011 - Machine 2
500237,COMPLETED,,0.001122593,273.5303806,2025-12-17 09:22:23,,Doyle-2500-011 - Machine 2
500238,COMPLETED,,0.001322789,273.3480611,2025-12-17 09:09:57,,Doyle-2500-011 - Machine 2
500239,COMPLETED,,0.001118206,273.281149,2025-12-17 08:49:38,,Doyle-2500-011 - Machine 2
500240,COMPLETED,,0.001264699,273.0426099,2025-12-17 08:04:18,,Doyle-2500-011 - Machine 2
600257,COMPLETED,,0.000456863,275.7666471,2025-12-17 13:10:24,,Doyle-2500-011 - Machine 2
600258,COMPLETED,0.000940718,0.00082985,275.7428074,2025-12-17 13:13:23,2025-12-17 13:11:49,Doyle-2500-011 - Machine 2
600259,COMPLETED,,7.52778E-05,275.7787996,2025-12-17 13:16:29,,Doyle-2500-011 - Machine 2
600260,COMPLETED,,0.001911215,275.7512773,2025-12-17 13:19:17,,Doyle-2500-011 - Machine 2
600261,COMPLETED,,0.000580729,275.8570556,2025-12-17 11:34:07,,Doyle-2500-011 - Machine 2
600262,COMPLETED,,0.000165856,275.7833108,2025-12-17 11:39:09,,Doyle-2500-011 - Machine 2
600263,COMPLETED,,0.002369977,275.8625417,2025-12-17 11:24:31,,Doyle-2500-011 - Machine 2
600264,COMPLETED,,0.003092326,276.312724,2025-12-17 11:21:06,,Doyle-2500-011 - Machine 2
600265,COMPLETED,,0.001135475,270.9289469,2025-12-16 10:54:23,,Doyle-2500-020 - Machine 3
600266,COMPLETED,,0.004039433,270.9200794,2025-12-16 10:43:19,,Doyle-2500-020 - Machine 3
600267,COMPLETED,0.00046331,0.001749236,270.9718141,2025-12-16 11:25:06,2025-12-16 11:22:28,Doyle-2500-020 - Machine 3
600268,COMPLETED,,0.001519479,270.9962092,2025-12-16 11:21:45,,Doyle-2500-020 - Machine 3
400262,COMPLETED,,0.00098853,276.6328663,2025-12-30 09:46:05,,Doyle-2500-010 - Machine 1
400263,COMPLETED,,0.002991933,275.2056915,2025-12-30 14:14:31,,Doyle-2500-007 - Machine 8
400264,COMPLETED,,0.007264769,276.3880688,2025-12-30 12:04:39,,Doyle-2500-007 - Machine 8
400265,COMPLETED,0.000614815,0.0037,276.9271961,2025-12-17 09:13:36,2025-12-17 09:08:04,Doyle-2500-020 - Machine 3
400266,INCOMPLETE_NO_FINISH_TIME,,0.002435116,,,,Doyle-2500-010 - Machine 1
400267,COMPLETED,,0.040244039,276.6225951,2025-12-17 12:48:30,,Doyle-2500-020 - Machine 3
400268,COMPLETED,,0.00151081,276.095399,2025-12-30 10:48:20,,Doyle-2500-010 - Machine 1
400269,INCOMPLETE_NO_FINISH_TIME,,0.001601678,,,,Doyle-2500-020 - Machine 3
400270,COMPLETED,,0.001038472,275.738775,2025-12-30 13:50:58,,Doyle-2500-007 - Machine 8
400271,COMPLETED,,0.006050799,274.4937626,2025-12-30 13:24:36,,Doyle-2500-007 - Machine 8
400272,COMPLETED,,0.001266944,275.6505378,2025-12-30 13:45:27,,Doyle-2500-007 - Machine 8
400273,COMPLETED,,0.016399699,275.131413,2025-12-18 11:41:27,,Doyle-2500-032-Machine 9
500241,COMPLETED,,0.000318738,274.6369123,2025-12-29 10:20:30,,Doyle-2500-011 - Machine 2
500242,INCOMPLETE_NO_FINISH_TIME,,0.001599306,,,,Doyle-2500-011 - Machine 2
500243,COMPLETED,,0.001404618,273.2703363,2025-12-18 11:30:49,,Doyle-2500-011 - Machine 2
500244,COMPLETED,,0.001092176,273.1653935,2025-12-18 10:50:32,,Doyle-2500-011 - Machine 2
500245,COMPLETED,,0.001422616,273.1255651,2025-12-18 11:03:53,,Doyle-2500-011 - Machine 2
500246,COMPLETED,,0.001229468,273.2328233,2025-12-18 11:41:44,,Doyle-2500-011 - Machine 2
500247,COMPLETED,,0.00128434,274.6197651,2025-12-30 10:15:08,,Doyle-2500-011 - Machine 2
500248,INCOMPLETE_NO_FINISH_TIME,,0,,,,Doyle-2500-010 - Machine 1
500249,COMPLETED,,0.001213137,274.622276,2025-12-30 10:46:07,,Doyle-2500-011 - Machine 2
500250,COMPLETED,,0.001026875,273.8336885,2025-12-18 11:13:19,,Doyle-2500-011 - Machine 2
500251,COMPLETED,,0.001625104,273.7680233,2025-12-30 09:58:03,,Doyle-2500-011 - Machine 2
500252,COMPLETED,,0.002562419,274.6281009,2025-12-18 10:41:06,,Doyle-2500-011 - Machine 2
600269,COMPLETED,,0.0004164,276.6442885,2025-12-17 13:30:53,,Doyle-2500-020 - Machine 3
600270,COMPLETED,,0.000914977,276.6901813,2025-12-17 13:25:45,,Doyle-2500-020 - Machine 3
600271,COMPLETED,,0.00062206,276.6158899,2025-12-17 13:44:33,,Doyle-2500-020 - Machine 3
600272,INCOMPLETE_NO_FINISH_TIME,,0,,,,Doyle-2500-020 - Machine 3
600273,COMPLETED,,0.000661146,276.6315582,2025-12-17 13:21:46,,Doyle-2500-020 - Machine 3
600274,COMPLETED,,0.000236771,276.0584843,2025-12-17 13:40:27,,Doyle-2500-011 - Machine 2
600275,COMPLETED,,0.000282778,276.0652945,2025-12-17 13:45:48,,Doyle-2500-011 - Machine 2
600276,COMPLETED,,0.000239826,276.1120654,2025-12-29 14:16:13,,Doyle-2500-011 - Machine 2
600277,COMPLETED,,0.000286435,276.0850007,2025-12-29 14:08:39,,Doyle-2500-011 - Machine 2
600278,COMPLETED,,0.002370914,276.1756488,2025-12-29 13:48:48,,Doyle-2500-011 - Machine 2
600279,COMPLETED,,0.000221435,276.0231408,2025-12-29 13:27:49,,Doyle-2500-011 - Machine 2
600280,COMPLETED,,0.00019772,276.035677,2025-12-29 13:23:06,,Doyle-2500-011 - Machine 2
600281,COMPLETED,,0.000154711,276.147001,2025-12-29 13:42:04,,Doyle-2500-011 - Machine 2
700005,COMPLETED,,0.012630914,274.3302099,2025-12-30 14:37:08,,Doyle-2500-007 - Machine 8
800006,COMPLETED,0.003206435,0.001195625,274.8122459,2025-12-30 10:34:04,2025-12-30 10:32:19,Doyle-2500-010 - Machine 1
400067,COMPLETED,0.003627164,0.000831644,271.0794585,2025-12-11 08:19:07,2025-12-11 08:17:02,Doyle-2500-007 - Machine 8
400069,COMPLETED,,0.000663322,270.7452461,2025-12-09 15:24:00,,Doyle-2500-007 - Machine 8
400070,COMPLETED,,0.001565359,269.4400203,2025-12-09 15:53:05,,Doyle-2500-007 - Machine 8
400072,COMPLETED,,0.00051625,269.8028789,2025-12-11 08:30:09,,Doyle-2500-007 - Machine 8
400074,COMPLETED,,0.003456389,269.8018374,2025-12-11 08:35:08,,Doyle-2500-007 - Machine 8
400075,COMPLETED,,0.001282801,270.5681251,2025-12-09 15:36:37,,Doyle-2500-007 - Machine 8
400076,COMPLETED,,0.000396944,270.1302995,2025-12-12 11:21:29,,Doyle-2500-007 - Machine 8
400077,COMPLETED,,0.000882766,270.6401112,2025-12-09 15:31:04,,Doyle-2500-007 - Machine 8
400078,COMPLETED,,0.000555984,270.1246073,2025-12-12 11:23:18,,Doyle-2500-007 - Machine 8
500052,INCOMPLETE_NO_FINISH_TIME,,0.001234676,,,,Doyle-2500-010 - Machine 1
500054,INCOMPLETE_NO_FINISH_TIME,,0.002205486,,,,Doyle-2500-010 - Machine 1
500056,INCOMPLETE_NO_FINISH_TIME,,0.002426146,,,,Doyle-2500-010 - Machine 1
500057,INCOMPLETE_NO_FINISH_TIME,,0.001001794,,,,Doyle-2500-010 - Machine 1
500058,INCOMPLETE_NO_FINISH_TIME,,0.000623958,,,,Doyle-2500-010 - Machine 1
500059,INCOMPLETE_NO_FINISH_TIME,,0.000750498,,,,Doyle-2500-010 - Machine 1
500060,INCOMPLETE_NO_FINISH_TIME,,0.001313368,,,,Doyle-2500-010 - Machine 1
700002,COMPLETED,,0.000178542,269.9935215,2025-12-11 12:53:15,,Doyle-2500-007 - Machine 8
400091,COMPLETED,,0.001077153,272.5431997,2025-12-15 10:20:26,,Doyle-2500-007 - Machine 8
400092,COMPLETED,,0.000518322,271.391443,2025-12-16 13:07:51,,Doyle-2500-007 - Machine 8
400093,COMPLETED,,0.000886574,271.0631033,2025-12-09 13:49:26,,Doyle-2500-007 - Machine 8
400094,COMPLETED,,0.002458588,270.3609686,2025-12-09 14:18:37,,Doyle-2500-007 - Machine 8
400095,COMPLETED,,0.000169132,271.5515984,2025-12-16 13:15:02,,Doyle-2500-007 - Machine 8
400096,COMPLETED,,0.001073426,271.6133302,2025-12-15 14:57:55,,Doyle-2500-007 - Machine 8
400097,COMPLETED,,0.000198206,271.5652139,2025-12-16 13:28:31,,Doyle-2500-007 - Machine 8
400098,COMPLETED,,0.000717813,271.6191414,2025-12-15 15:01:54,,Doyle-2500-007 - Machine 8
400099,COMPLETED,,0.000849109,269.8948037,2025-12-09 14:06:27,,Doyle-2500-007 - Machine 8
400100,COMPLETED,,0.003319884,271.7250079,2025-12-16 14:31:47,,Doyle-2500-007 - Machine 8
400101,COMPLETED,,0.000715498,269.9441898,2025-12-09 14:01:15,,Doyle-2500-007 - Machine 8
400102,COMPLETED,,0.000420914,271.8111978,2025-12-16 14:11:40,,Doyle-2500-007 - Machine 8
500082,INCOMPLETE_NO_FINISH_TIME,,0.001560637,,,,Doyle-2500-010 - Machine 1
500083,INCOMPLETE_NO_FINISH_TIME,,0.000804525,,,,Doyle-2500-010 - Machine 1
500084,INCOMPLETE_NO_FINISH_TIME,,0.001462037,,,,Doyle-2500-010 - Machine 1
600087,COMPLETED,,4.87963E-05,272.3644107,2025-12-16 14:27:00,,Doyle-2500-007 - Machine 8
600088,COMPLETED,,0.000207465,272.315627,2025-12-16 14:24:50,,Doyle-2500-007 - Machine 8
600089,COMPLETED,,3.14352E-05,272.3921949,2025-12-16 14:22:02,,Doyle-2500-007 - Machine 8
600090,COMPLETED,,0.000252361,272.333316,2025-12-16 14:19:24,,Doyle-2500-007 - Machine 8
600091,COMPLETED,,0.00030125,272.3984028,2025-12-16 14:01:54,,Doyle-2500-007 - Machine 8
600092,COMPLETED,0.002842917,0.000689595,272.3695101,2025-12-16 13:59:27,2025-12-16 13:58:15,Doyle-2500-007 - Machine 8
600093,COMPLETED,,0.000212292,272.3906248,2025-12-16 14:05:15,,Doyle-2500-007 - Machine 8
600094,COMPLETED,0.000657975,0.000206794,272.3769228,2025-12-16 14:07:38,2025-12-16 14:06:12,Doyle-2500-007 - Machine 8
600095,COMPLETED,,9.10417E-05,272.2374018,2025-12-16 13:24:14,,Doyle-2500-007 - Machine 8
600096,COMPLETED,,0.000417442,272.266962,2025-12-16 13:19:03,,Doyle-2500-007 - Machine 8
600097,COMPLETED,,0.000145532,272.2512565,2025-12-16 13:21:48,,Doyle-2500-007 - Machine 8
600098,COMPLETED,,0.001910428,272.2821114,2025-12-16 13:35:02,,Doyle-2500-007 - Machine 8
600099,COMPLETED,,0.001610752,272.25231,2025-12-16 13:37:22,,Doyle-2500-007 - Machine 8
600100,COMPLETED,,0.000455035,272.2537805,2025-12-16 13:32:16,,Doyle-2500-007 - Machine 8
600412,COMPLETED,,0.002024549,253.5617437,2026-01-15 14:56:37,,Doyle-2500-010 - Machine 1
600413,COMPLETED,,0.000708206,253.5807469,2026-01-15 15:01:41,,Doyle-2500-010 - Machine 1
600414,COMPLETED,,0.00142294,253.5183306,2026-01-15 14:51:23,,Doyle-2500-010 - Machine 1
600415,COMPLETED,,0.000129757,253.5255639,2026-01-15 14:46:11,,Doyle-2500-010 - Machine 1
600416,COMPLETED,,0.000120058,253.4403661,2026-01-15 14:37:33,,Doyle-2500-010 - Machine 1
600417,COMPLETED,,0.00157691,253.3858887,2026-01-15 14:31:17,,Doyle-2500-010 - Machine 1
600418,INCOMPLETE_NO_FINISH_TIME,0.002753438,0.001623079,,,2026-01-15 14:13:07,Doyle-2500-010 - Machine 1
600419,COMPLETED,0.000410498,0.001046574,253.4458705,2026-01-15 14:22:55,2026-01-15 14:19:44,Doyle-2500-010 - Machine 1
600420,COMPLETED,0.001327338,0.001112118,253.4490154,2026-01-15 13:55:07,2026-01-15 13:51:55,Doyle-2500-010 - Machine 1
600421,COMPLETED,,0.000148252,253.4115636,2026-01-15 14:00:01,,Doyle-2500-010 - Machine 1
600422,COMPLETED,,0.001043935,253.4234764,2026-01-15 14:05:58,,Doyle-2500-010 - Machine 1
600423,COMPLETED,0.001811597,0.001029421,253.4589936,2026-01-15 13:34:35,2026-01-15 13:31:57,Doyle-2500-010 - Machine 1
600424,COMPLETED,0.002280463,0.000414086,253.1090311,2026-01-15 13:38:44,2026-01-15 13:37:52,Doyle-2500-010 - Machine 1
600425,COMPLETED,0.001183669,0.002558275,253.4215446,2026-01-15 13:48:14,2026-01-15 13:44:24,Doyle-2500-010 - Machine 1