UPN,Northing,Easting,Elevation
2403,365927.2436,2263274.772,906.2845798
16735,365428.6781,2263021.272,904.8607
46167,365559.9496,2263664.772,902.911733
44824,366322.7337,2262884.772,911.4607756
28599,366296.1421,2262884.772,911.2448954
28598,366269.551,2262884.772,910.9702211
28597,366242.9615,2262884.772,910.5725893
28596,366216.3705,2262884.772,910.2772486
28595,366189.7794,2262884.772,910.0042545
28594,366163.1889,2262884.772,909.6784195
28593,366136.5978,2262884.772,909.4046995
28592,366110.0057,2262884.772,909.2598165
47817,366085.0926,2262884.772,909.1424414
28591,366060.1802,2262884.772,908.9150705
28604,366033.5878,2262884.772,908.8395045
28590,366006.9955,2262884.772,908.7484574
28588,365980.4029,2262884.772,908.7452899
28587,365953.8108,2262884.772,908.6014314
28586,365927.2198,2262884.772,908.3165648
28585,365900.6338,2262884.772,907.7300159
28584,365874.0561,2262884.772,906.8417844
44844,365847.4835,2262884.772,905.8105492
44845,366322.7244,2262904.272,912.39376
28583,366296.1359,2262904.272,911.9341027
28582,366269.5479,2262904.272,911.4458504
28581,366242.9598,2262904.272,910.9593392
28580,366216.3696,2262904.272,910.6014385
28579,366189.779,2262904.272,910.2841486
28578,366163.1888,2262904.272,909.9341268
28577,366136.5977,2262904.272,909.6612393
28576,366110.0057,2262904.272,909.5101137
47802,366085.0926,2262904.272,909.3785503
28543,366060.1802,2262904.272,909.152531
28542,366033.5878,2262904.272,909.1149476
28541,366006.9953,2262904.272,909.0575193
28525,365980.4028,2262904.272,909.1065661
28507,365953.8105,2262904.272,908.989719
28506,365927.2209,2262904.272,908.6013748
28505,365900.6373,2262904.272,907.9113484
28504,365874.0633,2262904.272,906.9206858
44846,365847.4905,2262904.272,905.8930589
44847,366322.7122,2262923.772,913.1856584
28503,366296.1275,2262923.772,912.5437956
28502,366269.5432,2262923.772,911.8821861
28501,366242.9583,2262923.772,911.248262
28500,366216.3678,2262923.772,910.9139858
28499,366189.7772,2262923.772,910.5956399
28498,366163.1874,2262923.772,910.2149911
28497,366136.5972,2262923.772,909.8648225
28496,366110.0055,2262923.772,909.6539404
47803,366085.0926,2262923.772,909.5026814
28495,366060.1797,2262923.772,909.3483964
28494,366033.5872,2262923.772,909.3597506
28493,366006.9947,2262923.772,909.384897
28492,365980.4022,2262923.772,909.4455156
28491,365953.8101,2262923.772,909.2859465
28490,365927.2216,2262923.772,908.824695
28489,365900.6401,2262923.772,908.0622598
28488,365874.0688,2262923.772,907.0001495
44848,365847.4948,2262923.772,906.0050292
44849,366322.7011,2262943.272,913.8332015
28487,366296.1195,2262943.272,913.0704438
28486,366269.54,2262943.272,912.2390379
28485,366242.956,2262943.272,911.5686248
28484,366216.366,2262943.272,911.1938481
28483,366189.7758,2262943.272,910.8468197
28482,366163.1865,2262943.272,910.433123
28481,366136.5972,2262943.272,910.0204784
28508,366110.0056,2262943.272,909.7945251
47804,366085.0926,2262943.272,909.6617986
28509,366060.1795,2262943.272,909.5413791
28510,366033.587,2262943.272,909.5849131
28511,366006.9946,2262943.272,909.6580914
28539,365980.4022,2262943.272,909.7520787
28538,365953.8105,2262943.272,909.5448779
28537,365927.2229,2262943.272,909.0359946
28536,365900.6427,2262943.272,908.2254288
28535,365874.0735,2262943.272,907.1135931
44850,365847.4976,2262943.272,906.1718599
44851,366322.6936,2262962.772,914.3199754
28534,366296.116,2262962.772,913.4305531
28533,366269.5385,2262962.772,912.5383646
28532,366242.9539,2262962.772,911.8917208
28531,366216.365,2262962.772,911.4487733
28530,366189.7761,2262962.772,911.0101723
28529,366163.1868,2262962.772,910.5944774
28528,366136.5974,2262962.772,910.1916537
28527,366110.0056,2262962.772,909.9954183
47805,366085.0926,2262962.772,909.8529444
28540,366060.1793,2262962.772,909.7732695
28526,366033.5868,2262962.772,909.8038078
28524,366006.9946,2262962.772,909.9115904
28523,365980.4021,2262962.772,909.9956403
28522,365953.8105,2262962.772,909.7780075
28521,365927.2231,2262962.772,909.2586922
28520,365900.6432,2262962.772,908.4381318
28519,365874.0744,2262962.772,907.3159192
44852,365847.499,2262962.772,906.359317
44853,366322.6847,2262982.272,914.6997691
28518,366296.1134,2262982.272,913.6381096
28517,366269.5367,2262982.272,912.7213976
28516,366242.9514,2262982.272,912.1063679
28515,366216.3636,2262982.272,911.5997308
28514,366189.7757,2262982.272,911.1017081
28513,366163.188,2262982.272,910.5981599
28512,366136.5976,2262982.272,910.2626794
28573,366110.006,2262982.272,910.0527059
47806,366085.0926,2262982.272,910.0088576
28606,366060.1795,2262982.272,909.8809646
28700,366033.5871,2262982.272,909.9544355
28607,366006.995,2262982.272,910.1022935
28698,365980.4025,2262982.272,910.1347095
28697,365953.8113,2262982.272,909.8654429
28696,365927.225,2262982.272,909.2944936
28695,365900.6468,2262982.272,908.4218619
28694,365874.0722,2262982.272,907.4455363
44854,365847.4893,2262982.272,906.727508
44855,366322.6736,2263001.772,914.956915
28693,366296.1108,2263001.772,913.7006868
28692,366269.5355,2263001.772,912.7443845
28691,366242.9512,2263001.772,912.0844905
28690,366216.3631,2263001.772,911.5937347
28689,366189.7753,2263001.772,911.0935878
28688,366163.1876,2263001.772,910.5922377
28687,366136.5974,2263001.772,910.2423485
28686,366110.0058,2263001.772,910.0138574
47807,366085.0926,2263001.772,909.9237312
28699,366060.1797,2263001.772,909.7730646
28685,366033.5875,2263001.772,909.905671
28683,366006.9958,2263001.772,910.1188513
28682,365980.4033,2263001.772,910.0956341
28681,365953.8123,2263001.772,909.8091822
28680,365927.2256,2263001.772,909.2535836
28679,365900.6469,2263001.772,908.3963027
28678,365874.0679,2263001.772,907.5488352
44856,365847.4811,2263001.772,906.9936685
5089,365797.5821,2263001.772,906.8021935
5088,365770.9897,2263001.772,906.8740648
5087,365744.3982,2263001.772,906.6442539
5095,365717.811,2263001.772,906.1127606
5086,365691.2258,2263001.772,905.4868
5084,365664.6366,2263001.772,905.0677441
5083,365638.0446,2263001.772,904.8949029
5082,365611.4524,2263001.772,905.0237441
5081,365584.8612,2263001.772,905.2771
6070,365559.9496,2263001.772,905.5804375
5080,365535.039,2263001.772,905.951271
5079,365508.4466,2263001.772,906.0454152
5078,365481.8549,2263001.772,905.837877
5077,365455.2672,2263001.772,905.3286544
5085,365428.6774,2263001.772,904.9472
5096,365402.0857,2263001.772,904.7533
5097,365375.4934,2263001.772,904.6497
5098,365348.9009,2263001.772,904.705429
5117,365322.3107,2263001.772,905.0628414
44857,366322.665,2263021.272,915.1890737
28677,366296.1046,2263021.272,913.8816936
28676,366269.5312,2263021.272,912.8756918
28675,366242.948,2263021.272,912.1713724
28674,366216.3603,2263021.272,911.6604889
28673,366189.7724,2263021.272,911.166598
28672,366163.1863,2263021.272,910.5840566
28671,366136.5976,2263021.272,910.1338122
28684,366110.006,2263021.272,909.917091
47808,366085.0926,2263021.272,909.8783345
28701,366060.1795,2263021.272,909.750721
28716,366033.5875,2263021.272,909.916189
28702,366006.9956,2263021.272,910.0859634
28730,365980.4031,2263021.272,910.0076176
28729,365953.8133,2263021.272,909.6309403
28728,365927.223,2263021.272,909.2880405
28727,365900.6383,2263021.272,908.644534
28726,365874.0626,2263021.272,907.6993452
44858,365847.4796,2263021.272,906.9849763
44338,365797.5798,2263021.272,906.7506803
16555,365770.9873,2263021.272,906.75641
16554,365744.3964,2263021.272,906.4604573
16553,365717.8107,2263021.272,905.8628223
16614,365691.2269,2263021.272,905.1781481
16646,365664.6371,2263021.272,904.795159
16647,365638.0448,2263021.272,904.7138524
16648,365611.4532,2263021.272,904.9342283
16740,365584.862,2263021.272,905.1962
46792,365559.9496,2263021.272,905.4239
16739,365535.0388,2263021.272,905.7843344
16738,365508.4468,2263021.272,905.9487142
16737,365481.8547,2263021.272,905.8114115
16736,365455.2657,2263021.272,905.3724247
16734,365402.0869,2263021.272,904.6036206
16733,365375.4946,2263021.272,904.4822154
2422,365900.6522,2263274.772,906.0433363
8201,365535.0384,2263664.772,903.2436906
40483,365348.9027,2263021.272,904.6624926
2421,365874.0617,2263274.772,905.7203545
8203,365508.446,2263664.772,903.3091801
40482,365322.3145,2263021.272,905.1444538
2420,365847.4764,2263274.772,905.0956882
8217,365481.8535,2263664.772,903.3515243
44843,366322.6538,2263040.772,915.4840381
40602,365797.5489,2263274.772,901.7631551
8204,365455.2609,2263664.772,903.3791031
28725,366296.0975,2263040.772,914.0959109
40601,365770.9569,2263274.772,901.6021936
8205,365428.6685,2263664.772,903.3226057
28724,366269.5272,2263040.772,913.0090988
21819,365744.3647,2263274.772,901.7429142
8206,365402.0771,2263664.772,903.5677908
21818,365717.7722,2263274.772,901.7421142
28723,366242.9463,2263040.772,912.2239691
8207,365375.4903,2263664.772,904.1146583
21817,365691.1797,2263274.772,901.6944991
28722,366216.359,2263040.772,911.6953504
39236,365348.9113,2263664.772,904.9632084
21830,365664.5872,2263274.772,901.7443089
28721,366189.7712,2263040.772,911.1948137
39237,365322.3348,2263664.772,905.8871743
21816,365637.9971,2263274.772,902.095801
28720,366163.1858,2263040.772,910.5793144
39230,365678.2054,2263684.272,901.7932474
21814,365611.4126,2263274.772,902.7489756
39231,365655.9536,2263684.272,901.8981218
21813,365584.8372,2263274.772,903.7038328
28719,366136.5976,2263040.772,910.1048809
47186,365559.9496,2263274.772,904.836782
8202,365633.7019,2263684.272,901.9906731
28718,366110.006,2263040.772,909.8843925
21812,365535.0507,2263274.772,905.6870974
8189,365607.1125,2263684.272,902.4029619
47809,366085.0926,2263040.772,909.8465027
21811,365508.4651,2263274.772,906.2930395
8190,365584.8628,2263684.272,902.7188088
28731,366060.1794,2263040.772,909.7381583
21810,365481.8744,2263274.772,906.597299
46168,365559.9496,2263684.272,902.8085259
28717,366033.5876,2263040.772,909.924194
21809,365455.2818,2263274.772,906.599876
8191,365535.0374,2263684.272,903.0538397
8192,365508.4449,2263684.272,903.0140047
8193,365481.8525,2263684.272,902.9530974
8194,365455.2599,2263684.272,902.9861692
8195,365428.6677,2263684.272,902.8742468
8196,365402.0758,2263684.272,903.0640069
8197,365375.4879,2263684.272,903.5554494
39232,365348.9072,2263684.272,904.3485745
39233,365322.3345,2263684.272,905.3770974
39248,365678.2024,2263703.772,901.7175089
39247,365655.9506,2263703.772,901.8075179
8242,365633.7001,2263703.772,902.0535136
8243,365607.1137,2263703.772,902.6299248
8244,365584.863,2263703.772,902.8598088
46169,365559.9496,2263703.772,902.8636835
8245,365535.0367,2263703.772,903.0175484
8246,365508.4445,2263703.772,902.8801011
8247,365481.8525,2263703.772,902.7266589
8248,365455.2599,2263703.772,902.7712089
8220,365428.6683,2263703.772,902.9859541
8234,365402.0758,2263703.772,902.9608189
8219,365375.4847,2263703.772,903.2373663
39246,365348.8985,2263703.772,903.815596
39245,365322.3205,2263703.772,904.6955113
39261,365678.2022,2263723.272,901.7062
39262,365655.9503,2263723.272,901.7733676
8232,365633.6998,2263723.272,902.0234397
8233,365607.1136,2263723.272,902.6085649
8235,365584.863,2263723.272,902.8457406
46170,365559.9496,2263723.272,902.8869399
8249,365535.0366,2263723.272,903.0201824
8236,365508.4445,2263723.272,902.8607228
8237,365481.8532,2263723.272,902.608
8238,365455.2606,2263723.272,902.6223
8239,365428.6689,2263723.272,902.8263
8240,365402.0775,2263723.272,903.0686735
8241,365375.485,2263723.272,903.1035391
39263,365348.8947,2263723.272,903.4400872
39264,365322.3097,2263723.272,904.0783201
39265,365678.1998,2263742.772,901.661
39258,365655.9478,2263742.772,901.675461
8222,365633.6974,2263742.772,901.9341598
8223,365607.1113,2263742.772,902.523202
8224,365584.8625,2263742.772,902.8936552
46171,365559.9496,2263742.772,903.0522774
8225,365535.0365,2263742.772,902.9307192
8226,365508.4473,2263742.772,902.5088312
8227,365481.8553,2263742.772,902.3593
8228,365455.2631,2263742.772,902.5046
8229,365428.6708,2263742.772,902.6241788
8230,365402.0795,2263742.772,902.874237
8231,365375.4871,2263742.772,902.8226129
39259,365348.8957,2263742.772,903.067155
39260,365322.3087,2263742.772,903.6133812
39253,365678.2007,2263762.272,901.4422352
39254,365655.9487,2263762.272,901.4806702
8148,365633.6987,2263762.272,901.7715447
8149,365607.1133,2263762.272,902.3910791
8150,365584.863,2263762.272,902.6570472
46173,365559.9496,2263762.272,902.6721936
8151,365535.0363,2263762.272,902.6067
8152,365508.4438,2263762.272,902.6453912
8170,365481.8526,2263762.272,902.3824
8186,365455.26,2263762.272,902.4083391
8187,365428.6675,2263762.272,902.4018891
8188,365402.076,2263762.272,902.6244404
8221,365375.4848,2263762.272,902.8903774
39255,365348.8923,2263762.272,902.854632
39257,365322.2999,2263762.272,902.9478549
39139,365678.2006,2263781.772,901.6780942
39140,365655.9487,2263781.772,901.7349295
8566,365633.6989,2263781.772,902.0442041
8538,365607.1133,2263781.772,902.6557157
8552,365584.863,2263781.772,902.9149708
46162,365559.9496,2263781.772,902.96375
8537,365535.0363,2263781.772,902.9085184
8520,365508.4462,2263781.772,902.5485346
8507,365481.8544,2263781.772,902.3548
8508,365455.262,2263781.772,902.4586
8509,365428.6696,2263781.772,902.5126
8510,365402.0773,2263781.772,902.6205757
8511,365375.4858,2263781.772,902.848419
39141,365348.8934,2263781.772,902.7745799
39142,365322.3008,2263781.772,902.7848907
39135,365678.1954,2263801.272,901.4721089
39136,365655.9451,2263801.272,901.7482456
8556,365633.6994,2263801.272,902.2698219
8557,365607.1135,2263801.272,902.8687664
8558,365584.863,2263801.272,903.1175056
46163,365559.9496,2263801.272,903.1133622
8559,365535.0367,2263801.272,902.9584
8560,365508.4444,2263801.272,902.8521605
8561,365481.855,2263801.272,902.448
8562,365455.2626,2263801.272,902.3355
8563,365428.6703,2263801.272,902.437
8564,365402.0783,2263801.272,902.6014
8565,365375.4867,2263801.272,902.8194
39137,365348.8952,2263801.272,903.0497957
39138,365322.3027,2263801.272,902.978509
39147,365678.1898,2263820.772,901.5944089
39148,365655.9417,2263820.772,902.0124076
8522,365633.6999,2263820.772,902.6821687
8523,365607.1137,2263820.772,903.2645521
8524,365584.863,2263820.772,903.4994333
46160,365559.9496,2263820.772,903.4797744
8525,365535.038,2263820.772,903.1774819
8526,365508.4476,2263820.772,902.8498262
8527,365481.8582,2263820.772,902.4406133
8528,365455.2658,2263820.772,902.3261
8529,365428.674,2263820.772,902.5057774
8530,365402.0817,2263820.772,902.4029
8531,365375.4898,2263820.772,902.58575
39133,365348.8987,2263820.772,902.8582581
39149,365322.3061,2263820.772,902.8290841
2473,365678.1968,2263840.272,902.325106
2474,365655.9492,2263840.272,902.7660887
2475,365633.704,2263840.272,903.3126779
2476,365607.1137,2263840.272,903.6642072
2477,365584.8619,2263840.272,903.7059167
5890,365559.9496,2263840.272,903.4699812
2478,365535.0416,2263840.272,902.951412
2479,365508.4522,2263840.272,902.542807
2481,365481.86,2263840.272,902.4358845
2490,365455.2704,2263840.272,902.0336
2482,365428.6781,2263840.272,901.9326624
2483,365402.0856,2263840.272,901.9782561
2484,365375.4932,2263840.272,902.0561561
2485,365348.9012,2263840.272,902.2099061
2486,365322.3086,2263840.272,902.1547061
39143,365678.2019,2263586.772,901.7914089
39144,365655.9502,2263586.772,901.8997589
8512,365633.6983,2263586.772,901.9312141
8513,365607.1057,2263586.772,901.9731134
8514,365584.8557,2263586.772,902.2606133
46161,365559.9496,2263586.772,902.8651342
8515,365535.046,2263586.772,903.5635331
8516,365508.4572,2263586.772,904.0073198
8517,365481.8651,2263586.772,904.149424
8518,365455.2729,2263586.772,904.0033709
8519,365428.6808,2263586.772,904.1590008
8521,365402.0923,2263586.772,904.6163132
8535,365375.5106,2263586.772,905.375308
39145,365348.9393,2263586.772,906.4359854
39146,365322.3713,2263586.772,907.5808589
39256,365678.2041,2263606.272,901.8390089
39190,365655.9525,2263606.272,901.9682589
8546,365633.7008,2263606.272,902.0524376
8547,365607.1082,2263606.272,902.0132727
8548,365584.8574,2263606.272,902.2329405
46164,365559.9496,2263606.272,902.7615159
8549,365535.0447,2263606.272,903.4115757
8550,365508.4551,2263606.272,903.8037654
8551,365481.8627,2263606.272,903.8942726
8553,365455.271,2263606.272,903.6830964
8567,365428.6786,2263606.272,903.773578
8554,365402.089,2263606.272,904.1657421
8555,365375.5056,2263606.272,904.8595886
39179,365348.9297,2263606.272,905.7987089
39134,365322.3562,2263606.272,906.8071089
2133,365797.5393,2262982.272,906.6555457
2134,365770.9472,2262982.272,906.81213
2153,365744.3551,2262982.272,906.6670322
2152,365717.7664,2262982.272,906.220252
2151,365691.1802,2262982.272,905.6343
2150,365664.5903,2262982.272,905.2636791
2149,365637.999,2262982.272,905.0134879
2148,365611.4066,2262982.272,905.0649791
2147,365584.8162,2262982.272,905.4035
5871,365559.9051,2262982.272,905.7411853
2146,365534.9935,2262982.272,906.0409112
2145,365508.401,2262982.272,906.0591554
2144,365481.81,2262982.272,905.7757172
2143,365455.2239,2262982.272,905.1905943
2142,365428.6329,2262982.272,904.9007901
2141,365402.0405,2262982.272,904.8731
2140,365375.448,2262982.272,904.8945
2139,365348.8557,2262982.272,904.7794792
2138,365322.2638,2262982.272,904.9661411
2487,365678.2059,2263859.772,903.0726105
2488,365655.9583,2263859.772,903.5169188
2489,365633.7073,2263859.772,903.7087855
2426,365607.1148,2263859.772,903.6363962
2469,365584.8629,2263859.772,903.6197974
5891,365559.9496,2263859.772,903.5418974
2425,365535.0384,2263859.772,903.2123374
2379,365508.4504,2263859.772,902.7228977
2359,365481.8586,2263859.772,902.5336134
2360,365455.2695,2263859.772,902.0975
2361,365428.6774,2263859.772,901.9630705
2362,365402.0849,2263859.772,902.0010974
2363,365375.4924,2263859.772,902.0450974
2364,365348.9001,2263859.772,902.1404974
2365,365322.3076,2263859.772,902.0908474
44728,366322.5673,2263118.772,916.4994105
18826,366296.0197,2263118.772,914.9548184
18825,366269.4563,2263118.772,913.7116951
18824,366242.8805,2263118.772,912.7702541
18823,366216.3038,2263118.772,911.8500599
18822,366189.7225,2263118.772,911.0800642
18821,366163.1414,2263118.772,910.3013194
18820,366136.5531,2263118.772,909.824257
18819,366109.9612,2263118.772,909.6488366
46974,366085.0481,2263118.772,909.7670879
18818,366060.135,2263118.772,909.8916238
18817,366033.5453,2263118.772,910.2789155
18816,366006.953,2263118.772,910.3651788
18815,365980.3612,2263118.772,910.1497586
18814,365953.7738,2263118.772,909.6326569
18813,365927.1939,2263118.772,908.8138725
18812,365900.6156,2263118.772,907.9451662
18839,365874.0291,2263118.772,907.3781423
44744,365847.4378,2263118.772,907.1122684
44742,366322.5611,2263138.272,916.5536071
18874,366296.0152,2263138.272,914.9797463
18873,366269.4531,2263138.272,913.7075676
18872,366242.8783,2263138.272,912.7370715
18856,366216.3031,2263138.272,911.7748104
18838,366189.7235,2263138.272,910.9465944
18837,366163.1418,2263138.272,910.1908648
18836,366136.5532,2263138.272,909.7366122
18835,366109.9611,2263138.272,909.5840419
46973,366085.0481,2263138.272,909.723739
18834,366060.1362,2263138.272,909.9947333
18833,366033.5453,2263138.272,910.288076
18832,366006.9528,2263138.272,910.2797364
18831,365980.362,2263138.272,909.9702578
18830,365953.7765,2263138.272,909.3599107
18829,365927.1996,2263138.272,908.4478812
18828,365900.6293,2263138.272,907.3623063
18827,365874.0484,2263138.272,906.5784137
44743,365847.4602,2263138.272,906.0954307
44740,366322.5568,2263157.772,916.5120678
18922,366296.0128,2263157.772,914.9055562
18935,366269.4524,2263157.772,913.5999568
18921,366242.8789,2263157.772,912.5960398
18919,366216.3034,2263157.772,911.6416102
18918,366189.7244,2263157.772,910.7940509
18917,366163.1421,2263157.772,910.0575601
18916,366136.5532,2263157.772,909.6227517
18915,366109.961,2263157.772,909.4896258
46972,366085.0481,2263157.772,909.6475394
18914,366060.1366,2263157.772,909.9535348
18913,366033.5451,2263157.772,910.1833139
18912,366006.9527,2263157.772,910.1114106
18911,365980.3627,2263157.772,909.7378235
18910,365953.7788,2263157.772,909.0627274
18909,365927.2042,2263157.772,908.0860501
18908,365900.6425,2263157.772,906.8076904
18907,365874.072,2263157.772,905.7257813
44741,365847.4908,2263157.772,904.9455513
44738,366322.5569,2263177.272,916.3955327
18888,366296.0091,2263177.272,914.8533362
18905,366269.45,2263177.272,913.5209817
18920,366242.8787,2263177.272,912.4611377
18906,366216.3038,2263177.272,911.4892036
18934,366189.7247,2263177.272,910.6471109
18933,366163.1422,2263177.272,909.9170335
18932,366136.5532,2263177.272,909.4878291
18931,366109.961,2263177.272,909.360307
46971,366085.0481,2263177.272,909.5225557
18930,366060.1363,2263177.272,909.8075914
18929,366033.5445,2263177.272,909.9936177
18928,366006.9522,2263177.272,909.8779615
18927,365980.3629,2263177.272,909.4606213
18926,365953.7801,2263177.272,908.7416001
18925,365927.2072,2263177.272,907.7208963
18924,365900.6476,2263177.272,906.3987891
18923,365874.0872,2263177.272,905.0932661
44739,365847.5135,2263177.272,904.0894214
41015,366322.67,2263352.772,913.3132919
41031,366296.0967,2263352.772,912.3025569
21473,366269.5181,2263352.772,911.4416793
21472,366242.9411,2263352.772,910.5354638
21471,366216.3631,2263352.772,909.6550432
21470,366189.7796,2263352.772,908.9610952
21469,366163.19,2263352.772,908.5688297
21468,366136.5977,2263352.772,908.4782465
21467,366110.0055,2263352.772,908.6033023
47160,366085.0926,2263352.772,908.4378281
21480,366060.1832,2263352.772,907.9897203
21466,366037.9408,2263352.772,907.3373548
21464,366011.3703,2263352.772,906.256144
41030,365989.1484,2263352.772,905.0993614
41029,365966.9205,2263352.772,904.0662096
40997,366322.6658,2263333.272,913.6205731
41012,366296.0972,2263333.272,912.4934744
21433,366269.5203,2263333.272,911.5842298
21450,366242.9434,2263333.272,910.6725993
21465,366216.364,2263333.272,909.8347219
21451,366189.7788,2263333.272,909.2128311
21479,366163.1898,2263333.272,908.7776168
21478,366136.5977,2263333.272,908.6427303
21477,366110.0055,2263333.272,908.772488
47159,366085.0926,2263333.272,908.6119345
21476,366060.1831,2263333.272,908.1687711
21475,366037.9406,2263333.272,907.520508
21474,366011.3699,2263333.272,906.4441116
41013,365989.1478,2263333.272,905.2910646
41014,365966.9146,2263333.272,904.3781757
40966,366322.6626,2263313.772,913.9299556
40965,366296.0984,2263313.772,912.7020761
21497,366269.5229,2263313.772,911.7531453
21496,366242.9441,2263313.772,910.8979115
21495,366216.3616,2263313.772,910.1655284
21494,366189.7777,2263313.772,909.4918487
21493,366163.1898,2263313.772,908.9953585
21492,366136.598,2263313.772,908.8005506
21491,366110.0057,2263313.772,908.9071078
47210,366085.0926,2263313.772,908.7884491
21490,366060.1824,2263313.772,908.3871567
21489,366037.9388,2263313.772,907.7762919
21488,366011.3663,2263313.772,906.7450492
40964,365989.1287,2263313.772,905.9445982
40963,365966.8933,2263313.772,905.0873853
44579,366322.6568,2263294.272,914.2512975
8476,366296.0957,2263294.272,912.9601089
8475,366269.5216,2263294.272,911.9706025
8442,366242.9408,2263294.272,911.1813357
8441,366216.3585,2263294.272,910.4403375
8440,366189.7766,2263294.272,909.6913178
8424,366163.1898,2263294.272,909.1411815
8406,366136.5984,2263294.272,908.8927276
8405,366110.006,2263294.272,908.9459562
46186,366085.0926,2263294.272,908.9610738
8404,366060.1806,2263294.272,908.6951909
8403,366037.934,2263294.272,908.2052703
8402,366011.3552,2263294.272,907.3506757
39174,365989.1098,2263294.272,906.8127149
39173,365966.8718,2263294.272,906.0236199
28715,366006.9953,2263040.772,910.0307964
21808,365428.6909,2263274.772,906.3007704
21807,365402.1052,2263274.772,905.6999822
28714,365980.403,2263040.772,909.8945449
21806,365375.5146,2263274.772,905.3825525
28713,365953.8128,2263040.772,909.5485819
40600,365348.9221,2263274.772,905.3668052
28712,365927.2218,2263040.772,909.266651
40599,365322.3311,2263274.772,905.6527413
28711,365900.6357,2263040.772,908.6830378
40606,365797.5535,2263294.272,902.1557454
40605,365770.963,2263294.272,901.8337089
28710,365874.0579,2263040.772,907.7987015
21703,365744.3705,2263294.272,901.8133545
44859,365847.4767,2263040.772,907.0187807
21735,365717.778,2263294.272,901.7793545
44085,365797.5766,2263040.772,906.6282125
21736,365691.1854,2263294.272,901.7384709
12460,365770.9844,2263040.772,906.508659
21737,365664.5929,2263294.272,901.7265165
12459,365744.3952,2263040.772,906.0874233
21829,365638.002,2263294.272,902.0162446
12458,365717.8126,2263040.772,905.3645052
12457,365691.2265,2263040.772,904.774933
21828,365611.4161,2263294.272,902.6076551
12456,365664.6355,2263040.772,904.4870456
21827,365584.8386,2263294.272,903.5007482
12455,365638.0431,2263040.772,904.5008406
47170,365559.9496,2263294.272,904.6033388
12454,365611.4524,2263040.772,904.8163182
21826,365535.0497,2263294.272,905.4232957
12453,365584.8622,2263040.772,905.1621
21825,365508.4634,2263294.272,905.9968332
46491,365559.9496,2263040.772,905.3653
21824,365481.8723,2263294.272,906.2686881
12452,365535.0372,2263040.772,905.5923
21823,365455.2797,2263294.272,906.2388603
12451,365508.4448,2263040.772,905.5380858
21822,365428.6893,2263294.272,905.9073501
12478,365481.8524,2263040.772,905.4682277
21821,365402.1043,2263294.272,905.2741573
12479,365455.2624,2263040.772,905.0966858
21820,365375.5141,2263294.272,904.9250513
12480,365428.6732,2263040.772,904.6778
40604,365348.9216,2263294.272,904.8776278
12481,365402.082,2263040.772,904.4103257
40603,365322.3302,2263294.272,905.1318875
12509,365375.4895,2263040.772,904.3875197
40591,365797.5697,2263313.772,903.1965159
39873,365348.8985,2263040.772,904.6663961
40608,365770.9841,2263313.772,902.5942169
39880,365322.3122,2263040.772,905.2469569
21656,365744.3933,2263313.772,902.2936
44716,366322.6426,2263060.272,915.806928
21654,365717.8008,2263313.772,902.236
19032,366296.089,2263060.272,914.3704196
21653,365691.2083,2263313.772,902.1784
19047,366269.5207,2263060.272,913.2355935
21652,365664.6159,2263313.772,902.108025
19033,366242.9412,2263060.272,912.4024497
21651,365638.0234,2263313.772,902.1322196
19061,366216.3572,2263060.272,911.7290868
21650,365611.4329,2263313.772,902.4580968
19060,366189.7704,2263060.272,911.1753966
21649,365584.8478,2263313.772,903.0856565
19059,366163.1848,2263060.272,910.5729128
47185,365559.9496,2263313.772,903.9562244
19058,366136.5973,2263060.272,910.0550651
21648,365535.0515,2263313.772,904.8303088
19057,366110.006,2263060.272,909.8028518
47171,366085.0926,2263060.272,909.7841686
21647,365508.4665,2263313.772,905.4616217
19056,366060.1793,2263060.272,909.7193773
21646,365481.8761,2263313.772,905.791252
19055,366033.5878,2263060.272,909.9504771
21645,365455.2835,2263313.772,905.8192001
19054,366006.9955,2263060.272,910.0471258
21644,365428.6924,2263313.772,905.5454655
19053,365980.4032,2263060.272,909.9101978
21643,365402.105,2263313.772,905.0261845
19052,365953.8137,2263060.272,909.5090124
21642,365375.5134,2263313.772,904.808586
19051,365927.2223,2263060.272,909.2714417
40592,365348.921,2263313.772,904.8926701
19050,365900.6352,2263060.272,908.7341508
40607,365322.3312,2263313.772,905.2784377
19049,365874.0537,2263060.272,907.9705454
40576,365797.5841,2263333.272,903.0164308
44717,365847.4757,2263060.272,907.0888409
40575,365770.9987,2263333.272,902.4016318
44745,365797.5707,2263060.272,906.4235889
21669,365744.408,2263333.272,902.0885149
21727,365770.9801,2263060.272,906.1047052
21668,365717.8156,2263333.272,902.0147649
21726,365744.3948,2263060.272,905.4841395
21667,365691.2231,2263333.272,901.9410149
21725,365717.8126,2263060.272,904.7465812
21666,365664.6307,2263333.272,901.8672649
21724,365691.2235,2263060.272,904.3107035
21665,365638.0384,2263333.272,901.7775089
21723,365664.6314,2263060.272,904.1765101
21664,365611.4459,2263333.272,901.8205576
21722,365638.0394,2263060.272,904.3439991
21663,365584.8556,2263333.272,902.1652889
21721,365611.451,2263060.272,904.8131707
47184,365559.9496,2263333.272,902.7708869
21734,365584.8626,2263060.272,905.2745286
21662,365535.052,2263333.272,903.6591185
47180,365559.9496,2263060.272,905.4241218
21661,365508.4674,2263333.272,904.3063749
21720,365535.0362,2263060.272,905.4002611
21660,365481.8772,2263333.272,904.6519488
21718,365508.4457,2263060.272,905.0738976
21659,365455.2846,2263333.272,904.6958406
21717,365481.8539,2263060.272,904.8763
21658,365428.6931,2263333.272,904.4640507
21716,365455.2637,2263060.272,904.526
21657,365402.1029,2263333.272,904.1172145
21715,365428.6718,2263060.272,904.341
21670,365375.5104,2263333.272,904.0720609
21714,365402.0794,2263060.272,904.2614872
40574,365348.9191,2263333.272,904.3285898
21713,365375.487,2263060.272,904.3278152
40589,365322.3324,2263333.272,904.8868029
40609,365348.897,2263060.272,904.6958255
40580,365797.5925,2263352.772,903.0943714
40590,365322.3129,2263060.272,905.3655208
40579,365771.0069,2263352.772,902.4882599
44714,366322.6315,2263079.772,916.0938299
21620,365744.4161,2263352.772,902.1838305
19030,366296.0805,2263079.772,914.6081662
21619,365717.8237,2263352.772,902.1104805
19016,366269.5144,2263079.772,913.4241846
21618,365691.2312,2263352.772,902.0376805
19014,366242.9365,2263079.772,912.5414192
21617,365664.6388,2263352.772,901.9656805
19013,366216.3545,2263079.772,911.7921366
21616,365638.0464,2263352.772,901.9040305
19012,366189.7693,2263079.772,911.1699855
21615,365611.454,2263352.772,901.8480199
19011,366163.1843,2263079.772,910.5379149
21614,365584.8615,2263352.772,901.8412089
19010,366136.5974,2263079.772,909.9928848
47183,365559.9496,2263352.772,902.1174615
19009,366110.006,2263079.772,909.7480704
21613,365535.0425,2263352.772,902.6763478
47074,366085.0926,2263079.772,909.7763807
21612,365508.4586,2263352.772,903.3526773
19008,366060.1792,2263079.772,909.7373539
21611,365481.8687,2263352.772,903.7273244
19007,366033.588,2263079.772,909.9961951
21638,365455.2762,2263352.772,903.8002892
19006,366006.9959,2263079.772,910.1511592
21639,365428.6837,2263352.772,903.8202305
19005,365980.4036,2263079.772,910.0350566
21640,365402.0914,2263352.772,903.9242305
19004,365953.8144,2263079.772,909.6172722
21641,365375.4997,2263352.772,904.1315305
19003,365927.2241,2263079.772,909.2761365
40578,365348.9084,2263352.772,904.3777094
19002,365900.6386,2263079.772,908.6637283
40577,365322.3214,2263352.772,904.9255724
19015,365874.0523,2263079.772,908.0917081
478,366322.6723,2263372.272,913.0457585
44715,365847.4703,2263079.772,907.3403444
477,366296.0972,2263372.272,912.0854826
44726,365797.5667,2263079.772,906.0740389
476,366269.5164,2263372.272,911.2961952
21678,365770.9783,2263079.772,905.6106813
475,366242.9381,2263372.272,910.4271917
21677,365744.3968,2263079.772,904.8456414
474,366216.3622,2263372.272,909.4837722
21676,365717.8118,2263079.772,904.2153723
473,366189.7793,2263372.272,908.7713728
21675,365691.2212,2263079.772,903.8867843
472,366163.1899,2263372.272,908.360656
21674,365664.6287,2263079.772,903.8598802
1256,366136.5977,2263372.272,908.2516216
21687,365638.0376,2263079.772,904.1346585
1436,366110.0057,2263372.272,908.4194106
21704,365611.4514,2263079.772,904.7111193
5875,366085.0926,2263372.272,908.2939713
21719,365584.8626,2263079.772,905.1583955
1437,366060.1825,2263372.272,907.8867444
47179,365559.9496,2263079.772,905.2947961
1438,366033.6002,2263372.272,907.15072
21705,365535.0366,2263079.772,905.1485631
21733,365508.4481,2263079.772,904.6907919
2399,366007.028,2263372.272,906.1130132
21732,365481.8578,2263079.772,904.34935
2398,365980.4691,2263372.272,904.7741293
21731,365455.2657,2263079.772,904.18145
2397,365953.9012,2263372.272,903.6314997
21730,365428.6732,2263079.772,904.1451
2396,365927.322,2263372.272,902.7905512
21729,365402.0807,2263079.772,904.1180249
2395,365900.7391,2263372.272,902.0756619
21728,365375.4887,2263079.772,904.282776
2394,365874.1498,2263372.272,901.6623888
40611,365348.9003,2263079.772,904.7492095
2393,365847.5574,2263372.272,901.5507974
40584,365797.5951,2263372.272,902.9601158
40583,365771.0085,2263372.272,902.3966543
40610,365322.3188,2263079.772,905.5173283
21634,365744.4173,2263372.272,902.1348749
44712,366322.6235,2263099.272,916.293716
21633,365717.8249,2263372.272,902.0620249
18937,366296.0727,2263099.272,914.8043293
21632,365691.2324,2263372.272,901.9913749
19031,366269.5067,2263099.272,913.6166247
21631,365664.64,2263372.272,901.9299749
18938,366242.929,2263099.272,912.729847
21630,365638.0475,2263372.272,901.8816749
19029,366216.3498,2263099.272,911.8860421
21629,365611.4551,2263372.272,901.8333249
21628,365584.8626,2263372.272,901.7850249
19028,366189.7664,2263099.272,911.1910755
47182,365559.9496,2263372.272,901.9211089
19027,366163.1849,2263099.272,910.4277388
21627,365535.0362,2263372.272,901.9554477
19026,366136.5975,2263099.272,909.9059599
21626,365508.4458,2263372.272,902.2864486
19025,366110.0059,2263099.272,909.6853211
21625,365481.8608,2263372.272,902.918231
47073,366085.0926,2263099.272,909.7606073
21624,365455.2702,2263372.272,903.2483317
19024,366060.1792,2263099.272,909.8056571
21623,365428.6785,2263372.272,903.4482075
21622,365402.0907,2263372.272,903.9497658
21621,365375.4994,2263372.272,904.2030249
19023,366033.589,2263099.272,910.1554256
40582,365348.9076,2263372.272,904.3989038
19022,366006.9969,2263099.272,910.2975492
40581,365322.3197,2263372.272,904.8964667
19021,365980.4048,2263099.272,910.1379899
451,366322.6765,2263391.772,912.7789178
19020,365953.8163,2263099.272,909.6767486
450,366296.0989,2263391.772,911.8889854
19019,365927.2292,2263099.272,909.1405509
458,366269.5161,2263391.772,911.1675436
19018,365900.647,2263099.272,908.399601
469,366242.9364,2263391.772,910.3433728
470,366216.3595,2263391.772,909.4312662
19017,365874.0582,2263099.272,907.9603335
471,366189.7783,2263391.772,908.6555852
44713,365847.4702,2263099.272,907.4645746
490,366163.19,2263391.772,908.1800075
44724,365797.5604,2263099.272,905.9482471
489,366136.5981,2263391.772,908.0061121
21693,365770.9756,2263099.272,905.3089896
488,366110.0059,2263391.772,908.133606
21692,365744.3968,2263099.272,904.4552486
5832,366085.0926,2263391.772,908.0671989
21691,365717.81,2263099.272,903.9031901
487,366060.1816,2263391.772,907.7188565
21690,365691.2186,2263099.272,903.6528131
486,366033.5976,2263391.772,907.0460284
21689,365664.6262,2263099.272,903.7041196
485,366007.0223,2263391.772,906.0915176
21702,365638.036,2263099.272,904.0571087
484,365980.4589,2263391.772,904.8458589
21688,365611.4516,2263099.272,904.7117802
483,365953.8932,2263391.772,903.652029
21686,365584.8627,2263099.272,905.1491028
482,365927.3163,2263391.772,902.7398815
47178,365559.9496,2263099.272,905.2761784
481,365900.7326,2263391.772,902.0580273
21685,365535.0367,2263099.272,905.1206204
480,365874.143,2263391.772,901.6660615
21684,365508.4483,2263099.272,904.6528956
479,365847.5505,2263391.772,901.5742089
21683,365481.8582,2263099.272,904.2956588
40588,365797.596,2263391.772,902.9741409
21682,365455.2662,2263099.272,904.1197588
40587,365771.0091,2263391.772,902.4283294
21681,365428.6737,2263099.272,904.1419088
21712,365744.4177,2263391.772,902.1842
21680,365402.0812,2263099.272,904.1850911
21711,365717.8253,2263391.772,902.1139
21679,365375.4903,2263099.272,904.4722196
21710,365691.2328,2263391.772,902.05285
40632,365348.9043,2263099.272,905.0610305
21709,365664.6403,2263391.772,902.0045
40631,365322.3266,2263099.272,905.951527
21708,365638.0479,2263391.772,901.9562
44723,365797.5551,2263118.772,905.5607658
21707,365611.4554,2263391.772,901.90785
18972,365770.9716,2263118.772,904.8668309
21706,365584.863,2263391.772,901.85955
18971,365744.3937,2263118.772,903.9870009
47181,365559.9496,2263391.772,901.8136251
18970,365717.8075,2263118.772,903.4088533
21673,365535.0362,2263391.772,901.8108078
19827,365691.2163,2263118.772,903.1323871
21672,365508.4454,2263391.772,902.1094829
20336,365664.6238,2263118.772,903.1576046
21671,365481.8546,2263391.772,902.4081942
20337,365638.0333,2263118.772,903.4845046
21655,365455.2643,2263391.772,902.7627
20338,365611.4482,2263118.772,904.1130871
21637,365428.6797,2263391.772,903.409392
21701,365584.8618,2263118.772,904.6791997
21636,365402.0981,2263391.772,904.1716046
47177,365559.9496,2263118.772,904.9269332
21635,365375.5098,2263391.772,904.6421349
21700,365535.0362,2263118.772,904.8920331
40586,365348.9178,2263391.772,904.8109826
21699,365508.4459,2263118.772,904.5530984
40585,365322.3284,2263391.772,905.2242038
21698,365481.8539,2263118.772,904.3816512
41032,366322.6798,2263411.272,912.7776694
21697,365455.2617,2263118.772,904.5118868
41024,366296.0968,2263411.272,912.0671872
21696,365428.6692,2263118.772,904.5598445
21408,366269.5129,2263411.272,911.3927743
21695,365402.077,2263118.772,904.4428142
21407,366242.9329,2263411.272,910.5758136
21694,365375.4851,2263118.772,904.6274664
21406,366216.3558,2263411.272,909.669749
40634,365348.897,2263118.772,905.113801
21405,366189.7766,2263411.272,908.8268201
40633,365322.3161,2263118.772,905.9018206
21404,366163.1897,2263411.272,908.2844152
44722,365797.5556,2263138.272,905.2597808
21403,366136.5983,2263411.272,908.0436928
18987,365770.9685,2263138.272,904.7195604
21416,366110.0058,2263411.272,908.1046529
18986,365744.3894,2263138.272,903.877658
47165,366085.0926,2263411.272,908.1958758
18985,365717.8047,2263138.272,903.2342295
21402,366060.1799,2263411.272,908.0044651
21400,366033.5922,2263411.272,907.4984713
21399,366007.012,2263411.272,906.690795
18998,365691.2143,2263138.272,902.8924821
21398,365980.4426,2263411.272,905.5814319
18984,365664.6218,2263138.272,902.8524185
21397,365953.885,2263411.272,904.2186594
18982,365638.0306,2263138.272,903.1140375
21396,365927.3137,2263411.272,903.1575695
18981,365611.444,2263138.272,903.6773389
21395,365900.7321,2263411.272,902.3967977
18980,365584.8604,2263138.272,904.3634736
41022,365874.1435,2263411.272,901.9377083
47176,365559.9496,2263138.272,904.7236507
41021,365847.5514,2263411.272,901.7803006
40594,365797.5963,2263411.272,902.8639909
18979,365535.0363,2263138.272,904.8011942
40593,365771.0093,2263411.272,902.3229544
18978,365508.4447,2263138.272,904.5822815
21855,365744.4179,2263411.272,902.0836
18977,365481.8522,2263138.272,904.6124991
21854,365717.8255,2263411.272,902.0228
18976,365455.2599,2263138.272,904.49855
21853,365691.2329,2263411.272,901.97445
18975,365428.6674,2263138.272,904.4995364
21852,365664.6404,2263411.272,901.92615
18974,365402.0749,2263138.272,904.4692637
21851,365638.048,2263411.272,901.8778
21850,365611.4555,2263411.272,901.8650089
21849,365584.863,2263411.272,901.8863089
18973,365375.4838,2263138.272,904.7406735
47167,365559.9496,2263411.272,901.8799089
40636,365348.8975,2263138.272,905.3137657
21862,365535.0363,2263411.272,901.8232089
40635,365322.3193,2263138.272,906.1885434
21848,365508.4438,2263411.272,901.86155
44721,365797.5621,2263157.772,904.7787892
21846,365481.8527,2263411.272,902.1309467
18939,365770.9715,2263157.772,904.4640694
21845,365455.2645,2263411.272,902.6171795
18966,365744.3861,2263157.772,903.8476676
21844,365428.6831,2263411.272,903.385093
21843,365402.1071,2263411.272,904.3213249
18967,365717.8029,2263157.772,903.1446764
21842,365375.5224,2263411.272,904.9658743
18968,365691.2133,2263157.772,902.7433663
40725,365348.9322,2263411.272,905.3187413
18969,365664.621,2263157.772,902.64374
40802,365322.3425,2263411.272,905.708
18997,365638.0293,2263157.772,902.8457963
44769,365797.5965,2263430.772,902.8945256
18996,365611.4416,2263157.772,903.3495351
21781,365771.0093,2263430.772,902.3637391
18995,365584.8595,2263157.772,904.0953515
21780,365744.4178,2263430.772,902.1346347
21779,365717.8253,2263430.772,902.0862847
21778,365691.2328,2263430.772,902.0379847
47175,365559.9496,2263157.772,904.5114419
21777,365664.6403,2263430.772,901.9896347
18994,365535.0366,2263157.772,904.6448987
21776,365638.0479,2263430.772,901.9413347
18993,365508.4445,2263157.772,904.4856677
21775,365611.4554,2263430.772,901.8930347
18992,365481.8523,2263157.772,904.6119791
21774,365584.863,2263430.772,901.8446847
18991,365455.26,2263157.772,904.4873
47156,365559.9496,2263430.772,901.7975089
18990,365428.6675,2263157.772,904.5026239
21773,365535.0362,2263430.772,901.7720323
21772,365508.4451,2263430.772,902.0438903
18989,365402.075,2263157.772,904.5248995
21771,365481.8535,2263430.772,902.2627297
18988,365375.4845,2263157.772,904.8488574
21770,365455.266,2263430.772,902.7832535
40639,365348.8994,2263157.772,905.4744979
21610,365428.6862,2263430.772,903.6054578
40637,365322.3229,2263157.772,906.401824
21609,365402.1175,2263430.772,904.7293446
44720,365797.5715,2263177.272,904.0422382
21608,365375.542,2263430.772,905.6804913
18954,365770.979,2263177.272,904.015669
41005,365348.9574,2263430.772,906.3299558
41004,365322.3671,2263430.772,906.6777393
44768,365797.5968,2263450.272,902.9092228
18953,365744.3886,2263177.272,903.6874177
21796,365771.0094,2263450.272,902.3906739
18952,365717.8035,2263177.272,903.0574838
21795,365744.4178,2263450.272,902.1738069
18951,365691.2146,2263177.272,902.6181078
21794,365717.8253,2263450.272,902.1254569
18950,365664.6224,2263177.272,902.480416
21793,365691.2328,2263450.272,902.0771569
18949,365638.0304,2263177.272,902.6444066
21792,365664.6403,2263450.272,902.0279069
18948,365611.442,2263177.272,903.1100797
21791,365638.0478,2263450.272,901.9773069
21790,365611.4554,2263450.272,901.9267569
18947,365584.8597,2263177.272,903.845939
21789,365584.8629,2263450.272,901.8762069
47174,365559.9496,2263177.272,904.2527011
47155,365559.9496,2263450.272,901.8217089
18946,365535.0365,2263177.272,904.3768294
21788,365535.0362,2263450.272,901.8675063
18945,365508.4445,2263177.272,904.2076413
21787,365508.4458,2263450.272,902.2022237
18944,365481.8521,2263177.272,904.2342536
21786,365481.8546,2263450.272,902.4606189
18943,365455.2615,2263177.272,904.5613925
21785,365455.2679,2263450.272,903.0206988
21798,365428.6894,2263450.272,903.8824589
18942,365428.669,2263177.272,904.5868477
21784,365402.1223,2263450.272,905.0459016
18941,365402.0765,2263177.272,904.6153652
21782,365375.5627,2263450.272,906.3673887
18940,365375.4861,2263177.272,904.9455651
41007,365348.9897,2263450.272,907.3871934
40640,365348.9011,2263177.272,905.5774475
41006,365322.4068,2263450.272,908.1053186
40647,365322.3249,2263177.272,906.5110156
44767,365797.6025,2263469.772,902.0606819
44710,366322.6051,2263196.772,916.2263125
21747,365771.0103,2263469.772,902.1796819
21746,365744.4178,2263469.772,902.1734819
21745,365717.8253,2263469.772,902.1229319
18871,366296.0518,2263196.772,914.7823836
21744,365691.2328,2263469.772,902.0723819
18857,366269.4916,2263196.772,913.4725104
21743,365664.6403,2263469.772,902.0217819
18855,366242.9208,2263196.772,912.398291
21742,365638.0479,2263469.772,901.9712319
18854,366216.3473,2263196.772,911.3913429
21741,365611.4554,2263469.772,901.9206819
18853,366189.7696,2263196.772,910.503458
21740,365584.863,2263469.772,901.8649089
18852,366163.1869,2263196.772,909.7834874
47154,365559.9496,2263469.772,901.8352833
21739,365535.0375,2263469.772,902.0882913
18851,366136.5976,2263196.772,909.3650443
21738,365508.4511,2263469.772,902.6600339
18850,366110.0054,2263196.772,909.2482836
21751,365481.8617,2263469.772,903.0664579
47072,366085.0926,2263196.772,909.4213041
21768,365455.2751,2263469.772,903.6280371
18849,366060.1801,2263196.772,909.6346459
21783,365428.6966,2263469.772,904.4912967
18848,366033.5884,2263196.772,909.8339225
21769,365402.1296,2263469.772,905.6562388
18847,366006.9961,2263196.772,909.7320971
21797,365375.5776,2263469.772,907.1228634
41009,365349.019,2263469.772,908.4645599
18846,365980.4065,2263196.772,909.3285876
41008,365322.4467,2263469.772,909.5045783
18845,365953.8234,2263196.772,908.6233972
44747,365797.6016,2263489.272,902.1915744
18844,365927.2499,2263196.772,907.6166628
21762,365771.0101,2263489.272,901.9613504
18843,365900.6896,2263196.772,906.3083278
21761,365744.4177,2263489.272,902.0328085
18904,365874.1415,2263196.772,904.7735383
21760,365717.8252,2263489.272,902.0771585
44711,365847.5776,2263196.772,903.5382013
21759,365691.2327,2263489.272,902.0407585
44719,365797.5758,2263196.772,903.2219242
19001,365770.985,2263196.772,903.5218538
21758,365664.6402,2263489.272,901.9924585
19000,365744.3925,2263196.772,903.5201008
21757,365638.0478,2263489.272,901.9418585
18999,365717.8017,2263196.772,903.2166653
21756,365611.4553,2263489.272,901.8913085
18983,365691.2126,2263196.772,902.7826783
21755,365584.8629,2263489.272,901.8242089
18965,365664.6205,2263196.772,902.6503754
47153,365559.9496,2263489.272,901.8982944
18964,365638.0285,2263196.772,902.8197551
21754,365535.0388,2263489.272,902.2550135
18963,365611.4402,2263196.772,903.2908172
18962,365584.8589,2263196.772,904.0635618
21753,365508.455,2263489.272,902.937457
47173,365559.9496,2263196.772,904.5146564
21766,365481.8656,2263489.272,903.3439911
18961,365535.0368,2263196.772,904.6831173
21752,365455.2792,2263489.272,903.9164805
18960,365508.4445,2263196.772,904.5612496
21750,365428.7011,2263489.272,904.7906501
18959,365481.8526,2263196.772,904.394311
21749,365402.1346,2263489.272,905.9665023
18958,365455.2601,2263196.772,904.297861
21748,365375.5831,2263489.272,907.444037
18957,365428.6677,2263196.772,904.2639088
41011,365349.0502,2263489.272,909.2232542
41010,365322.4997,2263489.272,910.7179136
18956,365402.0759,2263196.772,904.4607477
44746,365797.6003,2263508.772,901.9785841
18955,365375.4881,2263196.772,904.9592691
21841,365771.0078,2263508.772,901.9415318
40642,365348.9076,2263196.772,905.7594729
21840,365744.416,2263508.772,901.7554366
40641,365322.3379,2263196.772,906.861363
21839,365717.8237,2263508.772,901.8656089
44727,366322.6143,2263216.272,915.8973205
21838,365691.2316,2263508.772,901.69925
18840,366296.0576,2263216.272,914.5186258
21837,365664.6392,2263508.772,901.7566089
21836,365638.0467,2263508.772,901.7476089
21835,365611.4545,2263508.772,901.6290309
18841,366269.4948,2263216.272,913.2613421
21834,365584.862,2263508.772,901.5730737
18842,366242.9203,2263216.272,912.2825073
47152,365559.9496,2263508.772,901.7939149
18870,366216.3466,2263216.272,911.2808031
21801,365535.0413,2263508.772,902.2973897
18869,366189.7697,2263216.272,910.3700191
21831,365508.4617,2263508.772,903.1264799
18868,366163.1869,2263216.272,909.653327
21800,365481.8759,2263508.772,903.7212022
18867,366136.5976,2263216.272,909.2374182
21767,365455.2888,2263508.772,904.2651409
21765,365428.7095,2263508.772,905.1007602
18866,366110.0054,2263216.272,909.1231919
21764,365402.1409,2263508.772,906.228062
47062,366085.0926,2263216.272,909.2988117
21763,365375.5863,2263508.772,907.6470463
18865,366060.1794,2263216.272,909.3881694
40803,365349.0488,2263508.772,909.3577131
18864,366033.588,2263216.272,909.6297002
40804,365322.5092,2263508.772,911.0355625
18863,366006.9955,2263216.272,909.5701891
41001,365797.6003,2263528.272,901.853298
18862,365980.4054,2263216.272,909.2089941
41000,365771.0078,2263528.272,901.8871088
21434,365744.4153,2263528.272,901.9009
21432,365717.8233,2263528.272,901.7423089
18861,365953.8211,2263216.272,908.5461181
21431,365691.2308,2263528.272,901.6583089
18860,365927.2461,2263216.272,907.5815595
21430,365664.6384,2263528.272,901.7267089
18859,365900.6838,2263216.272,906.3153424
21429,365638.0459,2263528.272,901.7475089
18858,365874.1375,2263216.272,904.7485352
21428,365611.4535,2263528.272,901.6913248
44725,365847.5794,2263216.272,903.3944761
21427,365584.861,2263528.272,901.7357806
44718,365797.5685,2263216.272,902.3391
47158,365559.9496,2263528.272,902.051326
21426,365535.0429,2263528.272,902.629505
19062,365770.9794,2263216.272,902.7589342
21425,365508.466,2263528.272,903.5390083
19048,365744.3875,2263216.272,902.948392
21424,365481.8813,2263528.272,904.1856581
19046,365717.7953,2263216.272,902.8361673
21423,365455.2923,2263528.272,904.6226597
19045,365691.2047,2263216.272,902.5070875
21422,365428.7098,2263528.272,905.3513423
19044,365664.6122,2263216.272,902.4796915
21421,365402.1369,2263528.272,906.3717072
19043,365638.0211,2263216.272,902.7539779
21420,365375.5768,2263528.272,907.6837547
40999,365349.0327,2263528.272,909.2874848
40998,365322.4815,2263528.272,910.771398
19042,365611.4349,2263216.272,903.3299469
2338,365797.595,2263547.772,901.7498422
19041,365584.8569,2263216.272,904.2075982
2337,365771.0025,2263547.772,901.7498313
47172,365559.9496,2263216.272,904.7605415
2345,365744.41,2263547.772,901.7499401
19040,365535.0377,2263216.272,905.030851
2356,365717.8192,2263547.772,902.0517313
19039,365508.4452,2263216.272,905.0176964
2357,365691.2267,2263547.772,902.1061768
19038,365481.8533,2263216.272,904.8417
2358,365664.6343,2263547.772,902.024695
2377,365638.0431,2263547.772,901.7676089
19037,365455.2612,2263216.272,904.6768
2376,365611.4506,2263547.772,901.7100089
19036,365428.669,2263216.272,904.548028
2375,365584.8588,2263547.772,901.8977898
19035,365402.0767,2263216.272,904.6504247
5892,365559.9496,2263547.772,902.3553206
19034,365375.4872,2263216.272,905.054504
2374,365535.0469,2263547.772,903.0854852
40644,365348.9041,2263216.272,905.7602656
2373,365508.4671,2263547.772,903.9078927
40643,365322.3306,2263216.272,906.7677133
2372,365481.8799,2263547.772,904.4386176
2371,365455.2884,2263547.772,904.677661
44034,366322.6232,2263235.772,915.5647779
2370,365428.7006,2263547.772,905.1759071
13912,366296.0673,2263235.772,914.1697288
2369,365402.1198,2263547.772,905.9658358
13911,366269.5009,2263235.772,912.9914098
2368,365375.5489,2263547.772,907.0374468
13895,366242.9255,2263235.772,912.0372828
2367,365348.9914,2263547.772,908.4007403
13877,366216.3492,2263235.772,911.1085339
2366,365322.443,2263547.772,909.9344422
13876,366189.7716,2263235.772,910.2168313
2380,365797.5939,2263567.272,901.5859
13875,366163.1878,2263235.772,909.5368694
13874,366136.598,2263235.772,909.1560956
2378,365771.0017,2263567.272,901.7048089
13873,366110.0057,2263235.772,909.0770041
2354,365744.4093,2263567.272,901.6281089
46538,366085.0926,2263235.772,909.2071779
2353,365717.8168,2263567.272,901.61365
13872,366060.1793,2263235.772,909.1535652
2352,365691.2246,2263567.272,901.7581
13871,366033.5878,2263235.772,909.3850004
2351,365664.6322,2263567.272,901.8133089
13870,366006.9953,2263235.772,909.3726043
2350,365638.0397,2263567.272,901.8449513
13869,365980.4045,2263235.772,909.0585247
13868,365953.8192,2263235.772,908.4427637
13867,365927.2392,2263235.772,907.6274135
2349,365611.4472,2263567.272,901.8678351
13866,365900.6701,2263235.772,906.511491
2348,365584.8565,2263567.272,902.1824012
39806,365874.1154,2263235.772,905.0938862
5893,365559.9496,2263567.272,902.7497387
39859,365847.5631,2263235.772,903.6308138
2347,365535.0489,2263567.272,903.5445432
42181,365797.5508,2263235.772,901.8775
2355,365508.4622,2263567.272,904.1019071
42180,365770.9583,2263235.772,901.826316
2346,365481.8711,2263567.272,904.3675884
26085,365744.367,2263235.772,902.0752555
26084,365717.7745,2263235.772,902.0225126
2344,365455.2785,2263567.272,904.3450228
26083,365691.1822,2263235.772,901.9085412
2343,365428.6874,2263567.272,904.6241399
26082,365664.5903,2263235.772,902.0962528
2342,365402.1013,2263567.272,905.2049394
26081,365638.0023,2263235.772,902.5856468
2341,365375.5228,2263567.272,906.0674215
26080,365611.4216,2263235.772,903.3767233
2340,365348.9553,2263567.272,907.2215861
26079,365584.8516,2263235.772,904.4694823
2339,365322.3984,2263567.272,908.5987
47464,365559.9496,2263235.772,905.2242016
26078,365535.0407,2263235.772,905.6962873
26077,365508.4489,2263235.772,905.8985079
39242,365678.209,2263625.772,901.9341089
26076,365481.8564,2263235.772,905.9184
39243,365655.9572,2263625.772,902.0151433
26075,365455.2646,2263235.772,905.7252
8377,365633.7053,2263625.772,902.0341145
26074,365428.6737,2263235.772,905.4267054
8378,365607.1139,2263625.772,902.2825697
26073,365402.0817,2263235.772,905.2629544
8379,365584.862,2263625.772,902.2380298
26072,365375.4896,2263235.772,905.400886
46165,365559.9496,2263625.772,902.4617082
42179,365348.9007,2263235.772,905.8405
42178,365322.3185,2263235.772,906.5817988
8539,365535.0413,2263625.772,902.9680202
2419,366322.6355,2263255.272,915.1176085
8540,365508.4501,2263625.772,903.2257589
2418,366296.0794,2263255.272,913.7266302
8541,365481.8577,2263625.772,903.2811908
2417,366269.5092,2263255.272,912.6370833
8542,365455.2651,2263625.772,903.2153598
2416,366242.9303,2263255.272,911.7879241
8543,365428.6737,2263625.772,903.4512116
2415,366216.3521,2263255.272,910.9127395
8544,365402.0866,2263625.772,903.9887457
2414,366189.7735,2263255.272,910.0510994
2413,366163.1887,2263255.272,909.4139911
2412,366136.5983,2263255.272,909.0785652
8545,365375.5032,2263625.772,904.6837589
2411,366110.0058,2263255.272,909.0448219
39244,365348.9228,2263625.772,905.4871589
5894,366085.0926,2263255.272,909.1430973
39191,365322.3464,2263625.772,906.4153589
2410,366060.1799,2263255.272,908.9608568
39238,365678.2075,2263645.272,901.8533668
2409,366033.5874,2263255.272,908.9344916
39239,365655.9557,2263645.272,901.943023
2408,366006.9952,2263255.272,908.8140793
8208,365633.7039,2263645.272,902.0267009
2407,365980.4056,2263255.272,908.4091661
2406,365953.8225,2263255.272,907.704379
8209,365607.1137,2263645.272,902.3814715
2405,365927.2344,2263255.272,907.2206785
8210,365584.8618,2263645.272,902.4296352
2404,365900.6508,2263255.272,906.5309791
46166,365559.9496,2263645.272,902.6690888
2381,365874.0767,2263255.272,905.5417361
8211,365535.0362,2263645.272,902.6259088
2423,365847.5155,2263255.272,904.2508062
8212,365508.4438,2263645.272,902.6701168
40598,365797.539,2263255.272,901.8722089
8213,365481.8515,2263645.272,902.7768168
40597,365770.9471,2263255.272,901.6927589
21805,365744.3548,2263255.272,901.5969589
21804,365717.7629,2263255.272,901.7783089
8214,365455.2589,2263645.272,902.807671
21803,365691.1703,2263255.272,901.7325945
8215,365428.6679,2263645.272,903.0861798
21802,365664.5787,2263255.272,901.9487909
8216,365402.0817,2263645.272,903.666371
21815,365637.9913,2263255.272,902.4666699
8250,365375.4988,2263645.272,904.3819168
21832,365611.4114,2263255.272,903.2862312
39240,365348.9177,2263645.272,905.1602168
21847,365584.8425,2263255.272,904.4074751
39241,365322.339,2263645.272,906.0200168
47169,365559.9496,2263255.272,905.4168849
21833,365535.0468,2263255.272,906.143661
39234,365678.2059,2263664.772,901.9686243
21861,365508.4585,2263255.272,906.6177374
39235,365655.9541,2263664.772,902.0706078
21860,365481.8666,2263255.272,906.7901313
8198,365633.7025,2263664.772,902.1696894
21859,365455.2743,2263255.272,906.6608423
8199,365607.1132,2263664.772,902.5897823
21858,365428.6853,2263255.272,906.2298712
8200,365584.863,2263664.772,902.8624088
21857,365402.0963,2263255.272,905.7973693
21856,365375.5041,2263255.272,905.6665497
40596,365348.9122,2263255.272,905.8374127
40595,365322.3238,2263255.272,906.3099598
2392,366322.6469,2263274.772,914.6836435
2400,366296.0881,2263274.772,913.344904
2391,366269.516,2263274.772,912.3052912
2389,366242.9358,2263274.772,911.4952042
2388,366216.3555,2263274.772,910.68679
2387,366189.775,2263274.772,909.886553
2386,366163.1893,2263274.772,909.2873342
2385,366136.5985,2263274.772,908.9897977
2384,366110.006,2263274.772,908.9939437
5834,366085.0926,2263274.772,909.0423282
2383,366060.1803,2263274.772,908.8099137
2382,366033.5897,2263274.772,908.4894508
2390,366007.0015,2263274.772,908.0111174
2401,365980.4135,2263274.772,907.5154982
2402,365953.8321,2263274.772,906.7491978
21767,365455.2888,2263508.772,904.2651409
400262,366084.093,2263413.772,907.5608758
400263,365560.95,2263862.272,902.9068974
400264,365560.95,2262979.772,905.1061853
400265,366084.093,2262882.272,908.5074414
400266,365949.613,2263293.272,905.9637
400267,366087.637,2263295.272,907.56
400268,365949.613,2263295.272,905.8636
400269,366087.637,2263293.272,907.5316
400270,365812.522,2263351.772,904.6628
400271,365557.405,2263351.772,900.5654615
400272,365812.522,2263312.772,904.3813
400273,365557.405,2263312.772,902.4042244
600269,365953.113,2263292.335,907.6257
600270,365960.013,2263292.335,907.7631
600271,365955.413,2263296.21,907.5157
600272,365950.813,2263296.21,907.4103
600273,365960.013,2263296.21,907.5783
600274,365809.022,2263311.835,905.7144
600275,365804.422,2263311.835,905.7419
600276,365811.322,2263313.71,905.8656
600277,365804.422,2263313.71,905.7752
600278,365811.322,2263350.834,906.1213
600279,365804.422,2263350.834,905.5968
600280,365804.422,2263352.709,905.6166
600281,365811.322,2263352.709,906.059
700005,365733.978,2263857.079,899.756
800006,365909.175,2263340.583,900.2608
