UPN,N_Y,E_X,Elv_Z,Source,Date_Scanned
944,373941.812,2266211.857,848.626,BS_INV-02_B_S01,2/12/2026
945,373919.626,2266211.876,848.59,BS_INV-02_B_S01,2/12/2026
946,373897.472,2266211.804,848.82,BS_INV-02_B_S01,2/12/2026
947,373870.749,2266211.838,848.332,BS_INV-02_B_S01,2/12/2026
948,373848.535,2266211.852,847.309,BS_INV-02_B_S01,2/12/2026
949,373798.679,2266211.821,845.457,BS_INV-02_B_S01,2/12/2026
950,373772.264,2266211.827,845.098,BS_INV-02_B_S01,2/12/2026
951,373745.796,2266211.909,844.434,BS_INV-02_B_S01,2/12/2026
953,373719.121,2266211.941,844.289,BS_INV-02_B_S01,2/12/2026
954,373665.973,2266211.849,840.543,BS_INV-02_B_S01,2/12/2026
955,373639.398,2266211.84,839.973,BS_INV-02_B_S01,2/12/2026
956,373612.76,2266211.801,838.949,BS_INV-02_B_S01,2/12/2026
957,373586.278,2266211.794,838.156,BS_INV-02_B_S01,2/12/2026
958,373942.003,2266192.321,848.748,BS_INV-02_B_S01,2/12/2026
959,373919.738,2266192.344,848.769,BS_INV-02_B_S01,2/12/2026
960,373897.488,2266192.326,848.828,BS_INV-02_B_S01,2/12/2026
961,373870.853,2266192.361,848.388,BS_INV-02_B_S01,2/12/2026
962,373692.406,2266211.897,841.822,BS_INV-02_B_S01,2/12/2026
2155,373848.637,2266192.347,847.369,BS_INV-02_B_S01,2/12/2026
2874,373798.82,2266192.35,846.264,BS_INV-02_B_S01,2/12/2026
2876,373745.644,2266192.411,845.344,BS_INV-02_B_S01,2/12/2026
3595,374254.388,2266231.248,848.588,BS_INV-02_B_S01,2/12/2026
3596,374280.997,2266231.288,848.932,BS_INV-02_B_S01,2/12/2026
3597,374307.556,2266231.261,848.873,BS_INV-02_B_S01,2/12/2026
3598,374334.186,2266231.326,849.385,BS_INV-02_B_S01,2/12/2026
3599,374360.754,2266231.321,849.399,BS_INV-02_B_S01,2/12/2026
3600,374387.32,2266231.282,849.812,BS_INV-02_B_S01,2/12/2026
3601,374413.931,2266231.26,850.073,BS_INV-02_B_S01,2/12/2026
3602,374440.548,2266231.28,851.316,BS_INV-02_B_S01,2/12/2026
3603,374204.556,2266231.289,848.006,BS_INV-02_B_S01,2/12/2026
3604,374467.119,2266231.265,851.829,BS_INV-02_B_S01,2/12/2026
3605,374018.47,2266133.815,848.689,BS_INV-02_B_S01,2/12/2026
3606,374045.066,2266133.778,848.544,BS_INV-02_B_S01,2/12/2026
3607,374071.584,2266133.784,848.442,BS_INV-02_B_S01,2/12/2026
3608,374098.243,2266133.81,848.432,BS_INV-02_B_S01,2/12/2026
3609,374124.806,2266133.796,848.298,BS_INV-02_B_S01,2/12/2026
3610,374151.407,2266133.818,848.429,BS_INV-02_B_S01,2/12/2026
3611,374177.966,2266133.8,848.626,BS_INV-02_B_S01,2/12/2026
3612,374204.578,2266133.798,848.746,BS_INV-02_B_S01,2/12/2026
3613,373991.867,2266133.839,848.74,BS_INV-02_B_S01,2/12/2026
3614,374254.407,2266133.819,849.338,BS_INV-02_B_S01,2/12/2026
3615,374178.022,2266231.277,847.575,BS_INV-02_B_S01,2/12/2026
3616,374124.81,2266231.333,847.158,BS_INV-02_B_S01,2/12/2026
3617,374098.128,2266250.94,846.578,BS_INV-02_B_S01,2/12/2026
3618,374124.746,2266250.908,846.959,BS_INV-02_B_S01,2/12/2026
3619,374151.391,2266250.775,847.202,BS_INV-02_B_S01,2/12/2026
3620,374177.942,2266250.838,847.587,BS_INV-02_B_S01,2/12/2026
3621,374204.589,2266250.81,848.296,BS_INV-02_B_S01,2/12/2026
3622,374254.394,2266250.817,848.738,BS_INV-02_B_S01,2/12/2026
3623,374280.996,2266250.824,848.94,BS_INV-02_B_S01,2/12/2026
3624,374307.612,2266250.796,849.084,BS_INV-02_B_S01,2/12/2026
3625,374151.37,2266231.287,847.259,BS_INV-02_B_S01,2/12/2026
3626,374334.162,2266250.824,849.311,BS_INV-02_B_S01,2/12/2026
3627,374387.314,2266250.825,849.861,BS_INV-02_B_S01,2/12/2026
3628,374413.989,2266250.84,849.989,BS_INV-02_B_S01,2/12/2026
3629,374440.559,2266250.818,851.027,BS_INV-02_B_S01,2/12/2026
3630,374467.114,2266250.749,851.542,BS_INV-02_B_S01,2/12/2026
3631,373991.836,2266231.31,846.024,BS_INV-02_B_S01,2/12/2026
3632,374045.047,2266231.251,846.873,BS_INV-02_B_S01,2/12/2026
3633,374071.606,2266231.334,846.937,BS_INV-02_B_S01,2/12/2026
3634,374098.167,2266231.285,846.828,BS_INV-02_B_S01,2/12/2026
3635,374360.739,2266250.81,849.596,BS_INV-02_B_S01,2/12/2026
3636,374280.994,2266133.795,849.509,BS_INV-02_B_S01,2/12/2026
3637,374307.637,2266133.771,849.947,BS_INV-02_B_S01,2/12/2026
3638,374334.142,2266133.796,850.472,BS_INV-02_B_S01,2/12/2026
3647,374467.086,2266114.287,854.582,BS_INV-02_B_S01,2/12/2026
3658,374440.533,2266114.256,853.348,BS_INV-02_B_S01,2/12/2026
3659,374413.934,2266114.263,852.514,BS_INV-02_B_S01,2/12/2026
3660,374387.354,2266114.22,852.052,BS_INV-02_B_S01,2/12/2026
3661,374360.729,2266133.785,850.847,BS_INV-02_B_S01,2/12/2026
3662,374387.335,2266133.774,851.399,BS_INV-02_B_S01,2/12/2026
3663,374413.943,2266133.784,852.36,BS_INV-02_B_S01,2/12/2026
3664,374440.567,2266133.838,853.233,BS_INV-02_B_S01,2/12/2026
3665,374467.151,2266133.74,853.608,BS_INV-02_B_S01,2/12/2026
3666,373991.879,2266114.246,848.803,BS_INV-02_B_S01,2/12/2026
3667,374018.448,2266114.25,848.707,BS_INV-02_B_S01,2/12/2026
3668,374045.034,2266114.281,848.881,BS_INV-02_B_S01,2/12/2026
3669,374071.607,2266114.258,848.729,BS_INV-02_B_S01,2/12/2026
3670,374098.224,2266114.266,848.391,BS_INV-02_B_S01,2/12/2026
3671,374124.853,2266114.26,848.815,BS_INV-02_B_S01,2/12/2026
3672,374151.433,2266114.267,848.8,BS_INV-02_B_S01,2/12/2026
3673,374178.053,2266114.27,848.925,BS_INV-02_B_S01,2/12/2026
3674,374204.667,2266114.246,849.187,BS_INV-02_B_S01,2/12/2026
3675,374254.422,2266114.369,849.585,BS_INV-02_B_S01,2/12/2026
3676,374281.027,2266114.278,850.011,BS_INV-02_B_S01,2/12/2026
3677,374307.611,2266114.254,850.53,BS_INV-02_B_S01,2/12/2026
3678,374334.258,2266114.234,850.92,BS_INV-02_B_S01,2/12/2026
3679,374360.745,2266114.251,851.397,BS_INV-02_B_S01,2/12/2026
3680,374071.578,2266250.788,847.187,BS_INV-02_B_S01,2/12/2026
3681,374045.011,2266250.785,846.761,BS_INV-02_B_S01,2/12/2026
3682,374018.388,2266250.804,847.04,BS_INV-02_B_S01,2/12/2026
3683,373991.835,2266250.804,846.557,BS_INV-02_B_S01,2/12/2026
3836,373772.285,2266192.343,845.744,BS_INV-02_B_S01,2/12/2026
4312,374018.38,2266231.32,846.553,BS_INV-02_B_S01,2/12/2026
4785,373719.068,2266192.366,844.643,BS_INV-02_B_S01,2/12/2026
4787,373692.534,2266192.324,842.66,BS_INV-02_B_S01,2/12/2026
4788,373665.959,2266192.353,841.465,BS_INV-02_B_S01,2/12/2026
4789,373639.398,2266192.35,840.503,BS_INV-02_B_S01,2/12/2026
4790,373612.807,2266192.325,839.487,BS_INV-02_B_S01,2/12/2026
4791,373586.263,2266192.34,838.414,BS_INV-02_B_S01,2/12/2026
5920,373823.556,2266192.368,846.63,BS_INV-02_B_S01,2/12/2026
5965,374229.499,2266250.811,848.556,BS_INV-02_B_S01,2/12/2026
5966,374229.463,2266231.347,848.417,BS_INV-02_B_S01,2/12/2026
5967,374229.479,2266133.822,849.138,BS_INV-02_B_S01,2/12/2026
5968,374229.482,2266114.328,849.511,BS_INV-02_B_S01,2/12/2026
5980,373823.618,2266211.887,846.318,BS_INV-02_B_S01,2/12/2026
22883,374254.297,2266153.345,849.243,BS_INV-02_B_S01,2/12/2026
22884,374280.693,2266153.405,849.394,BS_INV-02_B_S01,2/12/2026
22885,374307.597,2266153.408,849.531,BS_INV-02_B_S01,2/12/2026
22886,374334.151,2266153.431,850.031,BS_INV-02_B_S01,2/12/2026
22887,374360.814,2266153.525,850.349,BS_INV-02_B_S01,2/12/2026
22888,374387.303,2266153.428,851.057,BS_INV-02_B_S01,2/12/2026
22889,374413.894,2266153.325,851.81,BS_INV-02_B_S01,2/12/2026
22890,374155.673,2266172.896,847.975,BS_INV-02_B_S01,2/12/2026
22891,374182.429,2266172.931,848.405,BS_INV-02_B_S01,2/12/2026
22892,374204.435,2266172.872,848.517,BS_INV-02_B_S01,2/12/2026
22893,374254.324,2266172.851,848.882,BS_INV-02_B_S01,2/12/2026
22894,374280.905,2266172.84,849.118,BS_INV-02_B_S01,2/12/2026
22895,374307.495,2266172.824,849.369,BS_INV-02_B_S01,2/12/2026
22896,374334.214,2266172.787,849.809,BS_INV-02_B_S01,2/12/2026
22897,374360.755,2266172.852,850.255,BS_INV-02_B_S01,2/12/2026
22898,374387.24,2266172.854,850.658,BS_INV-02_B_S01,2/12/2026
22899,374413.9,2266172.873,851.102,BS_INV-02_B_S01,2/12/2026
22900,374155.74,2266192.374,847.939,BS_INV-02_B_S01,2/12/2026
22901,374182.265,2266192.356,848.363,BS_INV-02_B_S01,2/12/2026
22902,374204.527,2266192.368,848.455,BS_INV-02_B_S01,2/12/2026
22903,374254.387,2266192.37,848.799,BS_INV-02_B_S01,2/12/2026
22904,374280.882,2266192.326,848.928,BS_INV-02_B_S01,2/12/2026
22905,374307.469,2266192.389,849.142,BS_INV-02_B_S01,2/12/2026
22906,374334.189,2266192.329,849.495,BS_INV-02_B_S01,2/12/2026
22907,374360.727,2266192.338,849.997,BS_INV-02_B_S01,2/12/2026
22908,374387.238,2266192.35,850.316,BS_INV-02_B_S01,2/12/2026
22909,374413.826,2266192.34,850.693,BS_INV-02_B_S01,2/12/2026
22910,374204.523,2266153.33,848.778,BS_INV-02_B_S01,2/12/2026
22911,374182.297,2266153.353,848.571,BS_INV-02_B_S01,2/12/2026
22912,374155.705,2266153.375,848.263,BS_INV-02_B_S01,2/12/2026
22927,374155.656,2266211.855,847.909,BS_INV-02_B_S01,2/12/2026
22943,374182.265,2266211.86,847.921,BS_INV-02_B_S01,2/12/2026
22944,374204.532,2266211.845,848.378,BS_INV-02_B_S01,2/12/2026
22945,374254.339,2266211.836,848.445,BS_INV-02_B_S01,2/12/2026
22978,374280.926,2266211.867,848.792,BS_INV-02_B_S01,2/12/2026
22979,374307.529,2266211.889,848.966,BS_INV-02_B_S01,2/12/2026
22980,374334.194,2266211.848,849.483,BS_INV-02_B_S01,2/12/2026
22981,374360.7,2266211.859,849.817,BS_INV-02_B_S01,2/12/2026
22982,374387.32,2266211.914,850.172,BS_INV-02_B_S01,2/12/2026
22983,374413.876,2266211.857,850.271,BS_INV-02_B_S01,2/12/2026
23007,374045.029,2266094.958,849.297,BS_INV-02_B_S01,2/12/2026
23134,374071.638,2266094.923,848.893,BS_INV-02_B_S01,2/12/2026
23135,374098.143,2266094.904,848.917,BS_INV-02_B_S01,2/12/2026
23136,374124.77,2266094.926,849.215,BS_INV-02_B_S01,2/12/2026
23137,374334.125,2266328.888,850.345,BS_INV-02_B_S01,2/12/2026
23138,374360.658,2266328.916,850.761,BS_INV-02_B_S01,2/12/2026
23139,374387.284,2266328.887,850.789,BS_INV-02_B_S01,2/12/2026
23140,374413.917,2266328.892,851.166,BS_INV-02_B_S01,2/12/2026
23141,374044.885,2266309.389,846.974,BS_INV-02_B_S01,2/12/2026
23142,374071.484,2266309.393,847.593,BS_INV-02_B_S01,2/12/2026
23143,374098.099,2266309.373,847.993,BS_INV-02_B_S01,2/12/2026
23144,374124.696,2266309.353,848.408,BS_INV-02_B_S01,2/12/2026
23145,374151.192,2266309.369,848.824,BS_INV-02_B_S01,2/12/2026
23146,374177.863,2266309.362,849.213,BS_INV-02_B_S01,2/12/2026
23147,374204.538,2266309.416,849.489,BS_INV-02_B_S01,2/12/2026
23148,374254.346,2266309.384,849.591,BS_INV-02_B_S01,2/12/2026
23149,374280.873,2266309.427,849.59,BS_INV-02_B_S01,2/12/2026
23150,374307.471,2266309.381,849.895,BS_INV-02_B_S01,2/12/2026
23151,374334.096,2266309.407,850.005,BS_INV-02_B_S01,2/12/2026
23152,374360.63,2266309.366,850.217,BS_INV-02_B_S01,2/12/2026
23153,374387.255,2266309.322,850.547,BS_INV-02_B_S01,2/12/2026
23154,374413.793,2266309.444,850.884,BS_INV-02_B_S01,2/12/2026
23155,374044.941,2266289.863,846.948,BS_INV-02_B_S01,2/12/2026
23156,374071.525,2266289.919,847.062,BS_INV-02_B_S01,2/12/2026
23157,374098.161,2266289.882,847.405,BS_INV-02_B_S01,2/12/2026
23158,374124.721,2266289.872,847.995,BS_INV-02_B_S01,2/12/2026
23159,374151.259,2266289.858,848.268,BS_INV-02_B_S01,2/12/2026
23160,374177.849,2266289.882,848.674,BS_INV-02_B_S01,2/12/2026
23161,374204.478,2266289.876,848.852,BS_INV-02_B_S01,2/12/2026
23162,374254.299,2266289.923,849.208,BS_INV-02_B_S01,2/12/2026
23163,374280.878,2266289.895,849.414,BS_INV-02_B_S01,2/12/2026
23164,374307.469,2266328.874,850.426,BS_INV-02_B_S01,2/12/2026
23165,374280.831,2266328.92,850.262,BS_INV-02_B_S01,2/12/2026
23166,374254.298,2266328.883,850.338,BS_INV-02_B_S01,2/12/2026
23167,374204.496,2266328.926,850.181,BS_INV-02_B_S01,2/12/2026
23168,374204.527,2266367.86,851.931,BS_INV-02_B_S01,2/12/2026
23169,374254.293,2266367.902,851.934,BS_INV-02_B_S01,2/12/2026
23170,374280.815,2266367.913,851.582,BS_INV-02_B_S01,2/12/2026
23171,374307.53,2266367.838,851.631,BS_INV-02_B_S01,2/12/2026
23172,374334.132,2266367.937,851.596,BS_INV-02_B_S01,2/12/2026
23173,374360.721,2266367.922,851.724,BS_INV-02_B_S01,2/12/2026
23174,374387.389,2266367.858,852.203,BS_INV-02_B_S01,2/12/2026
23175,374413.866,2266367.896,852.575,BS_INV-02_B_S01,2/12/2026
23176,374045.026,2266348.415,849.182,BS_INV-02_B_S01,2/12/2026
23177,374071.494,2266348.371,849.584,BS_INV-02_B_S01,2/12/2026
23178,374098.124,2266348.391,850.337,BS_INV-02_B_S01,2/12/2026
23179,374124.763,2266348.371,850.705,BS_INV-02_B_S01,2/12/2026
23180,374151.313,2266348.333,850.794,BS_INV-02_B_S01,2/12/2026
23181,374307.495,2266289.937,849.54,BS_INV-02_B_S01,2/12/2026
23182,374177.923,2266348.361,851.112,BS_INV-02_B_S01,2/12/2026
23183,374254.248,2266348.383,851.072,BS_INV-02_B_S01,2/12/2026
23184,374280.852,2266348.391,850.686,BS_INV-02_B_S01,2/12/2026
23185,374307.548,2266348.394,850.936,BS_INV-02_B_S01,2/12/2026
23186,374334.139,2266348.375,850.967,BS_INV-02_B_S01,2/12/2026
23187,374360.634,2266348.395,851.252,BS_INV-02_B_S01,2/12/2026
23188,374387.273,2266348.407,851.433,BS_INV-02_B_S01,2/12/2026
23189,374413.943,2266348.357,851.724,BS_INV-02_B_S01,2/12/2026
23190,374044.873,2266328.841,847.673,BS_INV-02_B_S01,2/12/2026
23191,374071.5,2266328.869,848.434,BS_INV-02_B_S01,2/12/2026
23192,374098.104,2266328.857,849.126,BS_INV-02_B_S01,2/12/2026
23193,374124.696,2266328.834,849.442,BS_INV-02_B_S01,2/12/2026
23194,374151.263,2266328.84,849.698,BS_INV-02_B_S01,2/12/2026
23195,374178.025,2266328.843,849.984,BS_INV-02_B_S01,2/12/2026
23196,374204.527,2266348.447,851.035,BS_INV-02_B_S01,2/12/2026
23197,374334.027,2266289.922,849.585,BS_INV-02_B_S01,2/12/2026
23198,374360.675,2266289.914,849.974,BS_INV-02_B_S01,2/12/2026
23199,374387.218,2266289.88,850.22,BS_INV-02_B_S01,2/12/2026
23229,374177.79,2266367.89,852.012,BS_INV-02_B_S01,2/12/2026
23232,374413.869,2266289.876,850.678,BS_INV-02_B_S01,2/12/2026
23233,374044.987,2266270.454,846.965,BS_INV-02_B_S01,2/12/2026
23234,374071.449,2266270.386,847.034,BS_INV-02_B_S01,2/12/2026
23235,374098.155,2266270.36,846.83,BS_INV-02_B_S01,2/12/2026
23236,374124.676,2266270.391,847.352,BS_INV-02_B_S01,2/12/2026
23237,374151.346,2266270.397,847.746,BS_INV-02_B_S01,2/12/2026
23238,374177.867,2266270.34,848.189,BS_INV-02_B_S01,2/12/2026
23239,374204.488,2266270.346,848.318,BS_INV-02_B_S01,2/12/2026
23240,374254.324,2266270.379,848.855,BS_INV-02_B_S01,2/12/2026
23241,374280.939,2266270.383,848.98,BS_INV-02_B_S01,2/12/2026
23242,374307.544,2266270.355,849.083,BS_INV-02_B_S01,2/12/2026
23243,374334.202,2266270.441,849.429,BS_INV-02_B_S01,2/12/2026
23244,374360.629,2266270.413,849.678,BS_INV-02_B_S01,2/12/2026
23246,374387.333,2266270.41,849.981,BS_INV-02_B_S01,2/12/2026
23260,374413.843,2266270.419,850.285,BS_INV-02_B_S01,2/12/2026
23261,374151.216,2266367.91,851.715,BS_INV-02_B_S01,2/12/2026
23262,374124.704,2266367.949,851.638,BS_INV-02_B_S01,2/12/2026
23263,374098.135,2266367.939,851.357,BS_INV-02_B_S01,2/12/2026
23264,374280.873,2266504.42,856.689,BS_INV-02_B_S01,2/12/2026
23265,374307.454,2266504.446,857.589,BS_INV-02_B_S01,2/12/2026
23266,374334.207,2266504.342,857.849,BS_INV-02_B_S01,2/12/2026
23267,374360.752,2266504.321,858.531,BS_INV-02_B_S01,2/12/2026
23268,374387.289,2266504.251,858.823,BS_INV-02_B_S01,2/12/2026
23269,374413.883,2266504.316,859.437,BS_INV-02_B_S01,2/12/2026
23270,374045.168,2266484.792,851.921,BS_INV-02_B_S01,2/12/2026
23271,374071.687,2266484.903,852.531,BS_INV-02_B_S01,2/12/2026
23272,374098.286,2266484.841,853.141,BS_INV-02_B_S01,2/12/2026
23273,374124.656,2266484.761,853.875,BS_INV-02_B_S01,2/12/2026
23274,374151.511,2266484.819,854.001,BS_INV-02_B_S01,2/12/2026
23275,374178.042,2266484.883,854.879,BS_INV-02_B_S01,2/12/2026
23276,374204.636,2266484.935,855.028,BS_INV-02_B_S01,2/12/2026
23277,374254.337,2266504.415,856.285,BS_INV-02_B_S01,2/12/2026
23278,374254.419,2266484.869,855.959,BS_INV-02_B_S01,2/12/2026
23279,374307.49,2266484.877,857.064,BS_INV-02_B_S01,2/12/2026
23280,374334.072,2266484.889,857.436,BS_INV-02_B_S01,2/12/2026
23281,374360.737,2266484.909,857.936,BS_INV-02_B_S01,2/12/2026
23282,374387.201,2266484.898,858.397,BS_INV-02_B_S01,2/12/2026
23283,374413.895,2266484.877,858.706,BS_INV-02_B_S01,2/12/2026
23284,374044.98,2266465.514,851.974,BS_INV-02_B_S01,2/12/2026
23285,374071.552,2266465.408,852.49,BS_INV-02_B_S01,2/12/2026
23286,374098.166,2266465.423,853.206,BS_INV-02_B_S01,2/12/2026
23287,374124.68,2266465.442,853.86,BS_INV-02_B_S01,2/12/2026
23288,374151.294,2266465.441,854.207,BS_INV-02_B_S01,2/12/2026
23289,374177.931,2266465.442,854.358,BS_INV-02_B_S01,2/12/2026
23290,374204.58,2266465.444,855.092,BS_INV-02_B_S01,2/12/2026
23291,374254.294,2266465.478,856.043,BS_INV-02_B_S01,2/12/2026
23292,374280.84,2266484.974,856.343,BS_INV-02_B_S01,2/12/2026
23293,374280.887,2266465.451,856.31,BS_INV-02_B_S01,2/12/2026
23294,374204.483,2266504.461,855.201,BS_INV-02_B_S01,2/12/2026
23295,374151.367,2266504.484,854.432,BS_INV-02_B_S01,2/12/2026
23296,374151.442,2266094.916,849.297,BS_INV-02_B_S01,2/12/2026
23297,374177.936,2266094.931,849.336,BS_INV-02_B_S01,2/12/2026
23298,374204.54,2266094.797,849.534,BS_INV-02_B_S01,2/12/2026
23299,374254.311,2266094.83,850.058,BS_INV-02_B_S01,2/12/2026
23300,374280.922,2266094.894,850.531,BS_INV-02_B_S01,2/12/2026
23301,374307.484,2266094.857,850.99,BS_INV-02_B_S01,2/12/2026
23302,374334.087,2266094.867,851.594,BS_INV-02_B_S01,2/12/2026
23303,374360.778,2266094.871,852.058,BS_INV-02_B_S01,2/12/2026
23304,374387.32,2266094.932,852.765,BS_INV-02_B_S01,2/12/2026
23305,374413.865,2266094.853,853.521,BS_INV-02_B_S01,2/12/2026
23306,374044.999,2266523.918,852.502,BS_INV-02_B_S01,2/12/2026
23307,374071.494,2266523.939,852.844,BS_INV-02_B_S01,2/12/2026
23308,374098.071,2266523.971,853.612,BS_INV-02_B_S01,2/12/2026
23309,374177.897,2266504.463,854.904,BS_INV-02_B_S01,2/12/2026
23310,374124.799,2266523.926,854.329,BS_INV-02_B_S01,2/12/2026
23311,374177.826,2266523.934,855.074,BS_INV-02_B_S01,2/12/2026
23312,374204.498,2266523.928,855.61,BS_INV-02_B_S01,2/12/2026
23313,374254.344,2266523.933,856.51,BS_INV-02_B_S01,2/12/2026
23314,374280.881,2266523.925,857.314,BS_INV-02_B_S01,2/12/2026
23315,374307.451,2266523.918,857.818,BS_INV-02_B_S01,2/12/2026
23316,374334.129,2266523.879,858.35,BS_INV-02_B_S01,2/12/2026
23317,374360.611,2266523.875,859.105,BS_INV-02_B_S01,2/12/2026
23318,374387.167,2266523.928,859.331,BS_INV-02_B_S01,2/12/2026
23319,374413.9,2266523.869,859.766,BS_INV-02_B_S01,2/12/2026
23320,374044.847,2266504.418,852.059,BS_INV-02_B_S01,2/12/2026
23321,374071.532,2266504.448,852.633,BS_INV-02_B_S01,2/12/2026
23322,374098.11,2266504.447,853.21,BS_INV-02_B_S01,2/12/2026
23323,374124.544,2266504.43,853.978,BS_INV-02_B_S01,2/12/2026
23324,374151.328,2266523.915,854.791,BS_INV-02_B_S01,2/12/2026
23326,374307.47,2266465.433,856.603,BS_INV-02_B_S01,2/12/2026
23327,374360.638,2266465.434,857.376,BS_INV-02_B_S01,2/12/2026
23328,374098.131,2266406.889,851.787,BS_INV-02_B_S01,2/12/2026
23329,374124.758,2266406.862,852.863,BS_INV-02_B_S01,2/12/2026
23330,374151.239,2266406.897,853.054,BS_INV-02_B_S01,2/12/2026
23331,374177.761,2266406.961,853.356,BS_INV-02_B_S01,2/12/2026
23332,374204.42,2266406.89,853.774,BS_INV-02_B_S01,2/12/2026
23333,374254.284,2266406.864,853.429,BS_INV-02_B_S01,2/12/2026
23334,374280.89,2266406.902,853.658,BS_INV-02_B_S01,2/12/2026
23335,374307.427,2266406.911,853.554,BS_INV-02_B_S01,2/12/2026
23336,374334.091,2266406.894,853.736,BS_INV-02_B_S01,2/12/2026
23337,374360.614,2266406.881,853.702,BS_INV-02_B_S01,2/12/2026
23338,374387.288,2266406.889,853.998,BS_INV-02_B_S01,2/12/2026
23339,374413.823,2266406.895,853.959,BS_INV-02_B_S01,2/12/2026
23340,374045.136,2266387.434,850.604,BS_INV-02_B_S01,2/12/2026
23341,374071.623,2266406.903,851.231,BS_INV-02_B_S01,2/12/2026
23342,374071.52,2266387.463,851.037,BS_INV-02_B_S01,2/12/2026
23343,374124.694,2266387.399,852.346,BS_INV-02_B_S01,2/12/2026
23344,374151.295,2266387.376,852.58,BS_INV-02_B_S01,2/12/2026
23345,374177.915,2266387.372,852.759,BS_INV-02_B_S01,2/12/2026
23346,374204.552,2266387.389,852.734,BS_INV-02_B_S01,2/12/2026
23347,374254.276,2266387.387,852.801,BS_INV-02_B_S01,2/12/2026
23348,374280.863,2266387.389,852.686,BS_INV-02_B_S01,2/12/2026
23349,374307.4,2266387.348,852.672,BS_INV-02_B_S01,2/12/2026
23350,374334.091,2266387.313,852.528,BS_INV-02_B_S01,2/12/2026
23351,374360.736,2266387.373,852.696,BS_INV-02_B_S01,2/12/2026
23352,374387.188,2266387.396,852.808,BS_INV-02_B_S01,2/12/2026
23353,374413.933,2266387.411,853.234,BS_INV-02_B_S01,2/12/2026
23354,374044.902,2266367.938,849.741,BS_INV-02_B_S01,2/12/2026
23355,374071.556,2266367.87,850.795,BS_INV-02_B_S01,2/12/2026
23356,374098.133,2266387.372,851.742,BS_INV-02_B_S01,2/12/2026
23357,374334.001,2266465.455,857.003,BS_INV-02_B_S01,2/12/2026
23358,374045.018,2266406.903,850.642,BS_INV-02_B_S01,2/12/2026
23359,374387.175,2266426.411,855.121,BS_INV-02_B_S01,2/12/2026
23360,374387.165,2266465.395,857.851,BS_INV-02_B_S01,2/12/2026
23361,374413.764,2266465.386,858.078,BS_INV-02_B_S01,2/12/2026
23362,374044.961,2266445.949,851.693,BS_INV-02_B_S01,2/12/2026
23363,374071.503,2266445.908,852.333,BS_INV-02_B_S01,2/12/2026
23364,374098.123,2266445.977,852.735,BS_INV-02_B_S01,2/12/2026
23365,374124.757,2266445.983,853.404,BS_INV-02_B_S01,2/12/2026
23366,374151.272,2266446.003,853.945,BS_INV-02_B_S01,2/12/2026
23367,374177.922,2266445.931,854.637,BS_INV-02_B_S01,2/12/2026
23368,374204.495,2266446,855.066,BS_INV-02_B_S01,2/12/2026
23369,374254.301,2266445.942,855.625,BS_INV-02_B_S01,2/12/2026
23370,374280.894,2266445.942,855.831,BS_INV-02_B_S01,2/12/2026
23371,374307.481,2266445.911,856.033,BS_INV-02_B_S01,2/12/2026
23372,374334.081,2266445.915,856.203,BS_INV-02_B_S01,2/12/2026
23373,374413.858,2266426.544,855.259,BS_INV-02_B_S01,2/12/2026
23374,374360.653,2266445.981,856.397,BS_INV-02_B_S01,2/12/2026
23375,374413.785,2266445.898,856.884,BS_INV-02_B_S01,2/12/2026
23376,374045.013,2266426.47,850.811,BS_INV-02_B_S01,2/12/2026
23377,374071.561,2266426.438,851.639,BS_INV-02_B_S01,2/12/2026
23378,374098.246,2266426.43,852.139,BS_INV-02_B_S01,2/12/2026
23379,374124.698,2266426.41,852.941,BS_INV-02_B_S01,2/12/2026
23380,374151.449,2266426.43,853.563,BS_INV-02_B_S01,2/12/2026
23381,374177.909,2266426.418,853.81,BS_INV-02_B_S01,2/12/2026
23382,374204.493,2266426.462,854.415,BS_INV-02_B_S01,2/12/2026
23383,374254.384,2266426.423,854.613,BS_INV-02_B_S01,2/12/2026
23384,374280.923,2266426.426,854.728,BS_INV-02_B_S01,2/12/2026
23385,374307.438,2266426.416,854.917,BS_INV-02_B_S01,2/12/2026
23386,374334.095,2266426.395,855.361,BS_INV-02_B_S01,2/12/2026
23387,374360.748,2266426.449,855.16,BS_INV-02_B_S01,2/12/2026
23388,374387.18,2266445.971,856.646,BS_INV-02_B_S01,2/12/2026
32552,373870.862,2265997.345,852.646,BS_INV-02_B_S01,2/12/2026
32553,373848.646,2265997.34,852.722,BS_INV-02_B_S01,2/12/2026
32554,373798.718,2265997.477,853.483,BS_INV-02_B_S01,2/12/2026
32555,373772.235,2265997.416,853.598,BS_INV-02_B_S01,2/12/2026
32556,373745.636,2265997.37,853.034,BS_INV-02_B_S01,2/12/2026
32557,373718.992,2265997.412,852.177,BS_INV-02_B_S01,2/12/2026
32558,373692.533,2265997.408,851.186,BS_INV-02_B_S01,2/12/2026
32559,373665.878,2265997.441,850.121,BS_INV-02_B_S01,2/12/2026
32560,373639.476,2265997.391,848.27,BS_INV-02_B_S01,2/12/2026
32561,373919.856,2265977.905,852.322,BS_INV-02_B_S01,2/12/2026
32562,373897.471,2265977.86,852.813,BS_INV-02_B_S01,2/12/2026
32563,373870.917,2265977.913,852.951,BS_INV-02_B_S01,2/12/2026
32564,373848.667,2265977.88,853.101,BS_INV-02_B_S01,2/12/2026
32565,373798.825,2265977.867,854.237,BS_INV-02_B_S01,2/12/2026
32566,373772.283,2265977.863,854.132,BS_INV-02_B_S01,2/12/2026
32567,373745.606,2265978.038,853.622,BS_INV-02_B_S01,2/12/2026
32568,373719.097,2265977.877,852.72,BS_INV-02_B_S01,2/12/2026
32569,373692.519,2265977.867,851.57,BS_INV-02_B_S01,2/12/2026
32570,373665.867,2265977.928,850.371,BS_INV-02_B_S01,2/12/2026
32571,373639.354,2265977.881,848.6,BS_INV-02_B_S01,2/12/2026
32572,373919.696,2265958.419,852.854,BS_INV-02_B_S01,2/12/2026
32573,373897.517,2265958.413,853.351,BS_INV-02_B_S01,2/12/2026
32574,373870.891,2265958.387,853.536,BS_INV-02_B_S01,2/12/2026
32575,373848.746,2265958.397,853.661,BS_INV-02_B_S01,2/12/2026
32576,373798.854,2265958.369,854.695,BS_INV-02_B_S01,2/12/2026
32577,373772.241,2265958.375,854.412,BS_INV-02_B_S01,2/12/2026
32578,373745.568,2265958.342,853.861,BS_INV-02_B_S01,2/12/2026
32579,373897.441,2265997.386,852.395,BS_INV-02_B_S01,2/12/2026
32580,373919.694,2265997.326,851.868,BS_INV-02_B_S01,2/12/2026
32581,373639.39,2266016.865,847.99,BS_INV-02_B_S01,2/12/2026
32582,373665.822,2266016.945,849.594,BS_INV-02_B_S01,2/12/2026
32583,373848.667,2266055.835,851.533,BS_INV-02_B_S01,2/12/2026
32584,373798.819,2266055.797,851.875,BS_INV-02_B_S01,2/12/2026
32585,373772.205,2266055.86,851.855,BS_INV-02_B_S01,2/12/2026
32586,373745.635,2266055.844,851.764,BS_INV-02_B_S01,2/12/2026
32587,373719.102,2266055.895,851.277,BS_INV-02_B_S01,2/12/2026
32588,373692.499,2266055.866,849.918,BS_INV-02_B_S01,2/12/2026
32589,373666.041,2266055.823,848.816,BS_INV-02_B_S01,2/12/2026
32590,373639.393,2266055.872,847.205,BS_INV-02_B_S01,2/12/2026
32591,373919.759,2266036.338,850.946,BS_INV-02_B_S01,2/12/2026
32592,373897.429,2266036.378,851.567,BS_INV-02_B_S01,2/12/2026
32593,373870.869,2266036.34,851.791,BS_INV-02_B_S01,2/12/2026
32594,373848.683,2266036.321,851.929,BS_INV-02_B_S01,2/12/2026
32595,373798.823,2266036.35,852.356,BS_INV-02_B_S01,2/12/2026
32596,373718.969,2265958.313,853.034,BS_INV-02_B_S01,2/12/2026
32597,373772.235,2266036.368,852.895,BS_INV-02_B_S01,2/12/2026
32598,373719.016,2266036.408,851.567,BS_INV-02_B_S01,2/12/2026
32599,373692.495,2266036.35,850.564,BS_INV-02_B_S01,2/12/2026
32600,373666.013,2266036.378,849.362,BS_INV-02_B_S01,2/12/2026
32601,373639.293,2266036.396,847.733,BS_INV-02_B_S01,2/12/2026
32602,373919.849,2266016.89,851.476,BS_INV-02_B_S01,2/12/2026
32603,373897.371,2266016.846,851.949,BS_INV-02_B_S01,2/12/2026
32604,373870.872,2266016.914,852.212,BS_INV-02_B_S01,2/12/2026
32605,373848.555,2266016.902,852.268,BS_INV-02_B_S01,2/12/2026
32606,373798.764,2266016.906,852.984,BS_INV-02_B_S01,2/12/2026
32607,373772.216,2266016.898,853.238,BS_INV-02_B_S01,2/12/2026
32608,373745.599,2266016.844,852.571,BS_INV-02_B_S01,2/12/2026
32609,373718.884,2266016.943,851.886,BS_INV-02_B_S01,2/12/2026
32610,373692.477,2266016.924,850.618,BS_INV-02_B_S01,2/12/2026
32611,373745.684,2266036.386,852.329,BS_INV-02_B_S01,2/12/2026
32612,373692.398,2265958.336,851.691,BS_INV-02_B_S01,2/12/2026
32613,373665.806,2265958.32,850.476,BS_INV-02_B_S01,2/12/2026
32614,373639.369,2265958.345,848.769,BS_INV-02_B_S01,2/12/2026
32615,373639.474,2265899.852,848.053,BS_INV-02_B_S01,2/12/2026
32616,373919.792,2265880.301,854.171,BS_INV-02_B_S01,2/12/2026
32617,373897.444,2265880.354,854.645,BS_INV-02_B_S01,2/12/2026
32618,373870.816,2265880.383,854.942,BS_INV-02_B_S01,2/12/2026
32619,373848.524,2265880.339,855.256,BS_INV-02_B_S01,2/12/2026
32620,373798.94,2265880.329,855.566,BS_INV-02_B_S01,2/12/2026
32621,373772.184,2265880.374,855.228,BS_INV-02_B_S01,2/12/2026
32622,373745.596,2265880.334,854.201,BS_INV-02_B_S01,2/12/2026
32623,373718.968,2265880.282,852.87,BS_INV-02_B_S01,2/12/2026
32624,373692.48,2265880.332,851.264,BS_INV-02_B_S01,2/12/2026
32625,373665.842,2265880.305,849.895,BS_INV-02_B_S01,2/12/2026
32626,373639.347,2265880.308,847.331,BS_INV-02_B_S01,2/12/2026
32627,373919.769,2265860.712,854.386,BS_INV-02_B_S01,2/12/2026
32628,373666.068,2265899.784,850.12,BS_INV-02_B_S01,2/12/2026
32629,373897.587,2265860.77,854.613,BS_INV-02_B_S01,2/12/2026
32630,373848.617,2265860.774,855.105,BS_INV-02_B_S01,2/12/2026
32631,373798.79,2265860.812,855.418,BS_INV-02_B_S01,2/12/2026
32632,373772.22,2265860.825,854.895,BS_INV-02_B_S01,2/12/2026
32633,373745.598,2265860.848,853.803,BS_INV-02_B_S01,2/12/2026
32634,373719.109,2265860.903,852.592,BS_INV-02_B_S01,2/12/2026
32635,373692.426,2265860.834,851.085,BS_INV-02_B_S01,2/12/2026
32636,373665.809,2265860.797,849.33,BS_INV-02_B_S01,2/12/2026
32637,373639.411,2265860.833,846.833,BS_INV-02_B_S01,2/12/2026
32638,373919.703,2265841.246,854.755,BS_INV-02_B_S01,2/12/2026
32639,373897.459,2265841.217,854.769,BS_INV-02_B_S01,2/12/2026
32640,373870.821,2265841.272,854.858,BS_INV-02_B_S01,2/12/2026
32641,373848.733,2265841.257,854.986,BS_INV-02_B_S01,2/12/2026
32642,373798.889,2265841.257,855.18,BS_INV-02_B_S01,2/12/2026
32643,373870.975,2265860.768,854.728,BS_INV-02_B_S01,2/12/2026
32644,373870.917,2266055.874,851.529,BS_INV-02_B_S01,2/12/2026
32645,373692.364,2265899.851,851.789,BS_INV-02_B_S01,2/12/2026
32646,373745.535,2265899.793,854.533,BS_INV-02_B_S01,2/12/2026
32647,373919.581,2265938.832,853.149,BS_INV-02_B_S01,2/12/2026
32648,373897.385,2265938.853,853.785,BS_INV-02_B_S01,2/12/2026
32649,373870.839,2265938.897,854.278,BS_INV-02_B_S01,2/12/2026
32650,373848.541,2265938.893,854.336,BS_INV-02_B_S01,2/12/2026
32651,373798.816,2265938.849,855.004,BS_INV-02_B_S01,2/12/2026
32652,373772.131,2265938.845,854.84,BS_INV-02_B_S01,2/12/2026
32653,373745.507,2265938.817,854.155,BS_INV-02_B_S01,2/12/2026
32654,373719.013,2265938.859,853.181,BS_INV-02_B_S01,2/12/2026
32655,373692.429,2265938.862,851.827,BS_INV-02_B_S01,2/12/2026
32656,373665.861,2265938.85,850.644,BS_INV-02_B_S01,2/12/2026
32657,373639.339,2265938.818,848.779,BS_INV-02_B_S01,2/12/2026
32658,373919.681,2265919.319,853.756,BS_INV-02_B_S01,2/12/2026
32659,373897.204,2265919.29,854.495,BS_INV-02_B_S01,2/12/2026
32660,373718.982,2265899.883,853.306,BS_INV-02_B_S01,2/12/2026
32661,373870.82,2265919.283,855.026,BS_INV-02_B_S01,2/12/2026
32662,373798.734,2265919.329,855.551,BS_INV-02_B_S01,2/12/2026
32663,373772.242,2265919.331,855.279,BS_INV-02_B_S01,2/12/2026
32664,373745.515,2265919.336,854.39,BS_INV-02_B_S01,2/12/2026
32665,373718.957,2265919.336,853.348,BS_INV-02_B_S01,2/12/2026
32666,373692.355,2265919.283,851.796,BS_INV-02_B_S01,2/12/2026
32667,373665.791,2265919.381,850.307,BS_INV-02_B_S01,2/12/2026
32668,373639.345,2265919.325,848.287,BS_INV-02_B_S01,2/12/2026
32669,373919.577,2265899.779,854.205,BS_INV-02_B_S01,2/12/2026
32670,373897.319,2265899.835,854.639,BS_INV-02_B_S01,2/12/2026
32671,373870.89,2265899.834,855.3,BS_INV-02_B_S01,2/12/2026
32672,373848.64,2265899.824,855.509,BS_INV-02_B_S01,2/12/2026
32673,373798.521,2265899.819,855.697,BS_INV-02_B_S01,2/12/2026
32674,373772.177,2265899.841,855.402,BS_INV-02_B_S01,2/12/2026
32675,373848.559,2265919.332,855.069,BS_INV-02_B_S01,2/12/2026
32677,373897.49,2266055.905,851.351,BS_INV-02_B_S01,2/12/2026
32678,373639.4,2266075.326,846.54,BS_INV-02_B_S01,2/12/2026
32760,373919.759,2266075.319,850.89,BS_INV-02_B_S01,2/12/2026
32761,373897.444,2266075.228,851.163,BS_INV-02_B_S01,2/12/2026
32762,373870.93,2266075.314,851.221,BS_INV-02_B_S01,2/12/2026
32763,373848.715,2266075.268,850.958,BS_INV-02_B_S01,2/12/2026
32764,373798.865,2266075.318,851.37,BS_INV-02_B_S01,2/12/2026
32765,373772.189,2266075.312,851.252,BS_INV-02_B_S01,2/12/2026
32766,373745.655,2266075.346,851.123,BS_INV-02_B_S01,2/12/2026
32767,373719.07,2266075.347,850.394,BS_INV-02_B_S01,2/12/2026
32768,373692.476,2266075.407,849.342,BS_INV-02_B_S01,2/12/2026
32769,373665.938,2266075.333,848.207,BS_INV-02_B_S01,2/12/2026
32771,373919.79,2266055.892,851.139,BS_INV-02_B_S01,2/12/2026
32803,373745.518,2265841.272,853.631,BS_INV-02_B_S01,2/12/2026
32804,373719.131,2265841.242,852.325,BS_INV-02_B_S01,2/12/2026
32805,373692.53,2265841.275,850.676,BS_INV-02_B_S01,2/12/2026
32933,373692.483,2265782.742,850.466,BS_INV-02_B_S01,2/12/2026
32934,373665.926,2265782.732,847.805,BS_INV-02_B_S01,2/12/2026
32935,373639.475,2265782.771,845.609,BS_INV-02_B_S01,2/12/2026
32936,373919.729,2265763.3,856.664,BS_INV-02_B_S01,2/12/2026
32937,373897.328,2265763.268,856.087,BS_INV-02_B_S01,2/12/2026
32938,373870.899,2265763.299,855.509,BS_INV-02_B_S01,2/12/2026
32939,373848.666,2265763.267,854.995,BS_INV-02_B_S01,2/12/2026
32940,373798.845,2265763.293,853.859,BS_INV-02_B_S01,2/12/2026
32941,373772.301,2265763.267,853.943,BS_INV-02_B_S01,2/12/2026
32942,373745.663,2265763.273,853.014,BS_INV-02_B_S01,2/12/2026
32943,373719.016,2265763.249,851.838,BS_INV-02_B_S01,2/12/2026
32944,373692.511,2265763.246,850.635,BS_INV-02_B_S01,2/12/2026
32945,373666.029,2265763.252,848.217,BS_INV-02_B_S01,2/12/2026
32946,373719.118,2265782.744,851.573,BS_INV-02_B_S01,2/12/2026
32947,373639.357,2265763.326,845.996,BS_INV-02_B_S01,2/12/2026
32948,373897.268,2265743.844,856.629,BS_INV-02_B_S01,2/12/2026
32949,373870.783,2265743.753,856.236,BS_INV-02_B_S01,2/12/2026
32950,373848.654,2265743.762,855.159,BS_INV-02_B_S01,2/12/2026
32951,373798.917,2265743.764,853.847,BS_INV-02_B_S01,2/12/2026
32952,373772.287,2265743.778,853.845,BS_INV-02_B_S01,2/12/2026
32953,373745.72,2265743.789,853.257,BS_INV-02_B_S01,2/12/2026
32954,373718.979,2265743.752,852.248,BS_INV-02_B_S01,2/12/2026
32955,373692.482,2265743.759,850.709,BS_INV-02_B_S01,2/12/2026
32956,373666.006,2265743.755,848.258,BS_INV-02_B_S01,2/12/2026
32957,373639.457,2265743.724,846.043,BS_INV-02_B_S01,2/12/2026
32961,373919.743,2265743.797,857.078,BS_INV-02_B_S01,2/12/2026
32963,373745.581,2265782.722,853.028,BS_INV-02_B_S01,2/12/2026
32964,373798.86,2265782.8,853.975,BS_INV-02_B_S01,2/12/2026
32965,373665.951,2265841.288,849.226,BS_INV-02_B_S01,2/12/2026
32966,373639.467,2265841.276,846.223,BS_INV-02_B_S01,2/12/2026
32967,373919.72,2265821.774,854.97,BS_INV-02_B_S01,2/12/2026
32968,373897.503,2265821.769,854.787,BS_INV-02_B_S01,2/12/2026
32969,373870.913,2265821.749,854.516,BS_INV-02_B_S01,2/12/2026
32970,373848.67,2265821.749,854.707,BS_INV-02_B_S01,2/12/2026
32971,373798.943,2265821.796,854.759,BS_INV-02_B_S01,2/12/2026
32972,373772.2,2265821.763,854.546,BS_INV-02_B_S01,2/12/2026
32973,373745.635,2265821.76,853.495,BS_INV-02_B_S01,2/12/2026
32974,373719.092,2265821.785,852.502,BS_INV-02_B_S01,2/12/2026
32975,373692.492,2265821.739,851.056,BS_INV-02_B_S01,2/12/2026
32976,373665.995,2265821.784,848.764,BS_INV-02_B_S01,2/12/2026
32977,373639.427,2265821.772,845.762,BS_INV-02_B_S01,2/12/2026
32978,373772.159,2265782.759,854.122,BS_INV-02_B_S01,2/12/2026
32979,373919.685,2265802.317,855.159,BS_INV-02_B_S01,2/12/2026
32980,373870.927,2265802.269,854.717,BS_INV-02_B_S01,2/12/2026
32981,373848.66,2265802.353,854.559,BS_INV-02_B_S01,2/12/2026
32982,373798.791,2265802.285,853.979,BS_INV-02_B_S01,2/12/2026
32983,373772.168,2265802.314,854.121,BS_INV-02_B_S01,2/12/2026
32984,373745.609,2265802.222,853.464,BS_INV-02_B_S01,2/12/2026
32985,373719.078,2265802.326,852.155,BS_INV-02_B_S01,2/12/2026
32986,373692.614,2265802.295,850.56,BS_INV-02_B_S01,2/12/2026
32987,373665.873,2265802.226,848.325,BS_INV-02_B_S01,2/12/2026
32988,373639.452,2265802.308,845.688,BS_INV-02_B_S01,2/12/2026
32989,373919.676,2265782.761,856.115,BS_INV-02_B_S01,2/12/2026
32990,373897.503,2265782.794,855.755,BS_INV-02_B_S01,2/12/2026
32991,373870.942,2265782.766,855.361,BS_INV-02_B_S01,2/12/2026
32992,373848.612,2265782.837,854.757,BS_INV-02_B_S01,2/12/2026
32993,373897.514,2265802.298,855.013,BS_INV-02_B_S01,2/12/2026
34231,373897.521,2266172.858,848.978,BS_INV-02_B_S01,2/12/2026
34232,373870.781,2266172.922,848.558,BS_INV-02_B_S01,2/12/2026
34250,373848.56,2266172.887,848.029,BS_INV-02_B_S01,2/12/2026
34266,373798.807,2266172.913,847.006,BS_INV-02_B_S01,2/12/2026
34267,373772.182,2266172.928,846.761,BS_INV-02_B_S01,2/12/2026
34268,373745.603,2266172.884,846.506,BS_INV-02_B_S01,2/12/2026
34269,373665.806,2266114.371,846.026,BS_INV-02_B_S01,2/12/2026
34270,373639.323,2266114.328,844.41,BS_INV-02_B_S01,2/12/2026
34271,373897.68,2266094.787,850.894,BS_INV-02_B_S01,2/12/2026
34272,373870.907,2266094.859,850.739,BS_INV-02_B_S01,2/12/2026
34273,373848.654,2266094.817,850.433,BS_INV-02_B_S01,2/12/2026
34274,373798.852,2266094.871,850.757,BS_INV-02_B_S01,2/12/2026
34275,373772.322,2266094.837,850.547,BS_INV-02_B_S01,2/12/2026
34276,373745.688,2266094.892,850.227,BS_INV-02_B_S01,2/12/2026
34277,373719.057,2266094.819,849.493,BS_INV-02_B_S01,2/12/2026
34278,373692.538,2266094.839,848.457,BS_INV-02_B_S01,2/12/2026
34279,373665.931,2266094.857,847.42,BS_INV-02_B_S01,2/12/2026
34280,373639.36,2266094.8,845.668,BS_INV-02_B_S01,2/12/2026
34282,373692.517,2266114.37,847.077,BS_INV-02_B_S01,2/12/2026
34299,373718.997,2266114.345,848.632,BS_INV-02_B_S01,2/12/2026
34300,373772.278,2266114.428,849.726,BS_INV-02_B_S01,2/12/2026
34301,373719.053,2266172.933,845.77,BS_INV-02_B_S01,2/12/2026
34302,373692.464,2266172.909,843.725,BS_INV-02_B_S01,2/12/2026
34303,373665.861,2266172.918,842.316,BS_INV-02_B_S01,2/12/2026
34304,373639.326,2266172.89,841.169,BS_INV-02_B_S01,2/12/2026
34305,373897.514,2266153.379,849.411,BS_INV-02_B_S01,2/12/2026
34306,373870.725,2266153.432,848.976,BS_INV-02_B_S01,2/12/2026
34307,373848.609,2266153.339,848.504,BS_INV-02_B_S01,2/12/2026
34308,373798.721,2266153.419,847.929,BS_INV-02_B_S01,2/12/2026
34309,373772.258,2266153.405,847.874,BS_INV-02_B_S01,2/12/2026
34310,373745.594,2266153.417,847.461,BS_INV-02_B_S01,2/12/2026
34311,373719.055,2266153.398,846.672,BS_INV-02_B_S01,2/12/2026
34312,373692.471,2266153.407,844.814,BS_INV-02_B_S01,2/12/2026
34313,373665.925,2266153.409,843.484,BS_INV-02_B_S01,2/12/2026
34314,373745.71,2266114.384,849.185,BS_INV-02_B_S01,2/12/2026
34315,373639.358,2266153.393,842.279,BS_INV-02_B_S01,2/12/2026
34316,373870.823,2266133.884,849.608,BS_INV-02_B_S01,2/12/2026
34317,373848.613,2266133.889,848.955,BS_INV-02_B_S01,2/12/2026
34318,373798.859,2266133.878,848.935,BS_INV-02_B_S01,2/12/2026
34319,373772.261,2266133.95,848.856,BS_INV-02_B_S01,2/12/2026
34320,373745.61,2266133.977,848.244,BS_INV-02_B_S01,2/12/2026
34321,373718.985,2266133.932,847.615,BS_INV-02_B_S01,2/12/2026
34322,373692.412,2266133.896,846.062,BS_INV-02_B_S01,2/12/2026
34323,373665.919,2266133.962,844.719,BS_INV-02_B_S01,2/12/2026
34324,373639.34,2266133.879,843.342,BS_INV-02_B_S01,2/12/2026
34325,373897.462,2266114.381,850.502,BS_INV-02_B_S01,2/12/2026
34326,373870.885,2266114.297,850.305,BS_INV-02_B_S01,2/12/2026
34327,373848.653,2266114.417,849.891,BS_INV-02_B_S01,2/12/2026
34328,373798.826,2266114.374,850.023,BS_INV-02_B_S01,2/12/2026
34329,373897.568,2266133.854,849.681,BS_INV-02_B_S01,2/12/2026
34842,374098.155,2266738.458,853.719,BS_INV-02_B_S01,2/12/2026
34843,374124.759,2266738.427,854.349,BS_INV-02_B_S01,2/12/2026
34844,374151.393,2266738.406,854.776,BS_INV-02_B_S01,2/12/2026
34845,374178.117,2266738.329,855.374,BS_INV-02_B_S01,2/12/2026
34846,374204.582,2266738.327,855.7,BS_INV-02_B_S01,2/12/2026
34847,374254.416,2266738.483,856.644,BS_INV-02_B_S01,2/12/2026
34848,374280.92,2266738.389,856.835,BS_INV-02_B_S01,2/12/2026
34849,374307.533,2266738.301,857.025,BS_INV-02_B_S01,2/12/2026
34850,374334.144,2266738.292,857.14,BS_INV-02_B_S01,2/12/2026
34851,374360.596,2266738.271,857.443,BS_INV-02_B_S01,2/12/2026
34852,374387.272,2266738.338,857.694,BS_INV-02_B_S01,2/12/2026
34853,374413.872,2266738.273,857.689,BS_INV-02_B_S01,2/12/2026
34854,374018.491,2266718.805,851.744,BS_INV-02_B_S01,2/12/2026
34855,374044.951,2266718.759,852.388,BS_INV-02_B_S01,2/12/2026
34856,374071.549,2266718.785,853.297,BS_INV-02_B_S01,2/12/2026
34857,374098.122,2266718.764,854.015,BS_INV-02_B_S01,2/12/2026
34858,374124.784,2266718.746,854.595,BS_INV-02_B_S01,2/12/2026
34859,374151.297,2266718.797,854.994,BS_INV-02_B_S01,2/12/2026
34860,374177.888,2266718.818,855.506,BS_INV-02_B_S01,2/12/2026
34861,374204.45,2266718.781,855.964,BS_INV-02_B_S01,2/12/2026
34862,374254.275,2266718.796,856.734,BS_INV-02_B_S01,2/12/2026
34863,374280.81,2266718.838,857.052,BS_INV-02_B_S01,2/12/2026
34864,374307.507,2266718.817,857.483,BS_INV-02_B_S01,2/12/2026
34865,374334.199,2266718.838,857.762,BS_INV-02_B_S01,2/12/2026
34866,374360.677,2266718.799,858.11,BS_INV-02_B_S01,2/12/2026
34867,374387.237,2266718.809,858.271,BS_INV-02_B_S01,2/12/2026
34868,374413.874,2266718.801,858.344,BS_INV-02_B_S01,2/12/2026
34869,374071.631,2266738.423,853.119,BS_INV-02_B_S01,2/12/2026
34870,374044.941,2266738.383,852.236,BS_INV-02_B_S01,2/12/2026
34871,374018.542,2266738.275,851.349,BS_INV-02_B_S01,2/12/2026
34886,374018.429,2266699.381,851.555,BS_INV-02_B_S01,2/12/2026
34902,374044.983,2266699.328,852.213,BS_INV-02_B_S01,2/12/2026
34903,374071.567,2266699.316,853.157,BS_INV-02_B_S01,2/12/2026
34904,374098.191,2266699.343,853.939,BS_INV-02_B_S01,2/12/2026
34905,374177.924,2266660.34,855.486,BS_INV-02_B_S01,2/12/2026
34906,374204.331,2266660.343,855.845,BS_INV-02_B_S01,2/12/2026
34907,374254.302,2266660.323,856.791,BS_INV-02_B_S01,2/12/2026
34908,374280.892,2266660.254,857.303,BS_INV-02_B_S01,2/12/2026
34909,374307.282,2266660.297,857.577,BS_INV-02_B_S01,2/12/2026
34910,374334.16,2266660.333,858.216,BS_INV-02_B_S01,2/12/2026
34911,374360.654,2266660.409,858.509,BS_INV-02_B_S01,2/12/2026
34912,374387.296,2266660.401,859.155,BS_INV-02_B_S01,2/12/2026
34913,374413.865,2266660.391,859.505,BS_INV-02_B_S01,2/12/2026
34914,374018.376,2266640.889,851.929,BS_INV-02_B_S01,2/12/2026
34915,374045.023,2266640.878,852.578,BS_INV-02_B_S01,2/12/2026
34916,374071.619,2266640.901,853.148,BS_INV-02_B_S01,2/12/2026
34917,374098.325,2266640.983,853.537,BS_INV-02_B_S01,2/12/2026
34918,374151.321,2266660.369,854.976,BS_INV-02_B_S01,2/12/2026
34919,374124.762,2266640.899,854.447,BS_INV-02_B_S01,2/12/2026
34920,374177.941,2266640.941,855.291,BS_INV-02_B_S01,2/12/2026
34921,374204.469,2266640.907,855.924,BS_INV-02_B_S01,2/12/2026
34922,374254.3,2266640.907,856.806,BS_INV-02_B_S01,2/12/2026
34923,374280.865,2266640.954,857.117,BS_INV-02_B_S01,2/12/2026
34924,374307.557,2266640.893,857.788,BS_INV-02_B_S01,2/12/2026
34925,374333.935,2266640.867,858.257,BS_INV-02_B_S01,2/12/2026
34926,374360.619,2266640.981,858.782,BS_INV-02_B_S01,2/12/2026
34927,374387.337,2266640.839,859.257,BS_INV-02_B_S01,2/12/2026
34928,374413.94,2266640.957,859.828,BS_INV-02_B_S01,2/12/2026
34929,374018.471,2266621.411,852.174,BS_INV-02_B_S01,2/12/2026
34930,374045.127,2266621.377,852.493,BS_INV-02_B_S01,2/12/2026
34931,374071.71,2266621.412,853.062,BS_INV-02_B_S01,2/12/2026
34932,374098.12,2266621.375,853.748,BS_INV-02_B_S01,2/12/2026
34933,374151.248,2266640.988,854.974,BS_INV-02_B_S01,2/12/2026
34935,374124.749,2266660.349,854.558,BS_INV-02_B_S01,2/12/2026
34936,374071.783,2266660.28,853.119,BS_INV-02_B_S01,2/12/2026
34937,374124.834,2266699.355,854.586,BS_INV-02_B_S01,2/12/2026
34938,374151.539,2266699.369,854.929,BS_INV-02_B_S01,2/12/2026
34939,374177.994,2266699.25,855.414,BS_INV-02_B_S01,2/12/2026
34940,374204.59,2266699.347,855.988,BS_INV-02_B_S01,2/12/2026
34941,374254.408,2266699.393,856.75,BS_INV-02_B_S01,2/12/2026
34942,374280.853,2266699.336,857.094,BS_INV-02_B_S01,2/12/2026
34943,374307.552,2266699.395,857.571,BS_INV-02_B_S01,2/12/2026
34944,374334.022,2266699.354,858.007,BS_INV-02_B_S01,2/12/2026
34945,374360.713,2266699.284,858.316,BS_INV-02_B_S01,2/12/2026
34946,374387.245,2266699.333,858.526,BS_INV-02_B_S01,2/12/2026
34947,374413.892,2266699.324,858.817,BS_INV-02_B_S01,2/12/2026
34948,374018.374,2266679.886,851.78,BS_INV-02_B_S01,2/12/2026
34949,374044.941,2266679.872,852.346,BS_INV-02_B_S01,2/12/2026
34950,374098.13,2266660.271,853.641,BS_INV-02_B_S01,2/12/2026
34951,374071.719,2266679.836,853.194,BS_INV-02_B_S01,2/12/2026
34952,374124.762,2266679.799,854.353,BS_INV-02_B_S01,2/12/2026
34953,374151.313,2266679.907,854.929,BS_INV-02_B_S01,2/12/2026
34954,374177.829,2266679.852,855.719,BS_INV-02_B_S01,2/12/2026
34955,374204.593,2266679.868,856.078,BS_INV-02_B_S01,2/12/2026
34956,374254.258,2266679.812,856.862,BS_INV-02_B_S01,2/12/2026
34957,374280.963,2266679.878,857.145,BS_INV-02_B_S01,2/12/2026
34958,374307.363,2266679.785,857.746,BS_INV-02_B_S01,2/12/2026
34959,374334.07,2266679.774,858.067,BS_INV-02_B_S01,2/12/2026
34960,374360.547,2266679.892,858.516,BS_INV-02_B_S01,2/12/2026
34961,374387.225,2266679.848,858.941,BS_INV-02_B_S01,2/12/2026
34962,374413.974,2266679.838,859.218,BS_INV-02_B_S01,2/12/2026
34963,374018.425,2266660.307,852.047,BS_INV-02_B_S01,2/12/2026
34964,374044.892,2266660.385,852.379,BS_INV-02_B_S01,2/12/2026
34965,374098.182,2266679.752,853.773,BS_INV-02_B_S01,2/12/2026
35094,374124.844,2266621.459,854.652,BS_INV-02_B_S01,2/12/2026
35604,374151.394,2266621.384,855.147,BS_INV-02_B_S01,2/12/2026
35605,374204.614,2266621.447,856.002,BS_INV-02_B_S01,2/12/2026
36112,374177.998,2266621.431,855.538,BS_INV-02_B_S01,2/12/2026
36115,374071.621,2265958.313,851.89,BS_INV-02_B_S01,2/12/2026
36116,374098.21,2265958.319,852.138,BS_INV-02_B_S01,2/12/2026
36117,374124.768,2265958.389,852.279,BS_INV-02_B_S01,2/12/2026
36118,374151.373,2265958.421,852.44,BS_INV-02_B_S01,2/12/2026
36119,374177.982,2265958.426,852.669,BS_INV-02_B_S01,2/12/2026
36120,374204.526,2265958.372,853.515,BS_INV-02_B_S01,2/12/2026
36121,374254.363,2265958.358,854.466,BS_INV-02_B_S01,2/12/2026
36122,374280.906,2265958.372,855.286,BS_INV-02_B_S01,2/12/2026
36123,374307.597,2265958.311,856.106,BS_INV-02_B_S01,2/12/2026
36124,374334.113,2265958.358,856.93,BS_INV-02_B_S01,2/12/2026
36125,374360.632,2265958.397,857.617,BS_INV-02_B_S01,2/12/2026
36126,374387.182,2265958.419,858.405,BS_INV-02_B_S01,2/12/2026
36127,374413.842,2265958.306,859.1,BS_INV-02_B_S01,2/12/2026
36128,374018.408,2265938.851,852.03,BS_INV-02_B_S01,2/12/2026
36129,374045.058,2265938.848,851.952,BS_INV-02_B_S01,2/12/2026
36130,374071.608,2265938.834,852.295,BS_INV-02_B_S01,2/12/2026
36131,374098.207,2265938.827,852.561,BS_INV-02_B_S01,2/12/2026
36132,374124.855,2265938.831,852.843,BS_INV-02_B_S01,2/12/2026
36133,374151.477,2265938.893,853.089,BS_INV-02_B_S01,2/12/2026
36134,374177.941,2265938.883,853.439,BS_INV-02_B_S01,2/12/2026
36135,374204.51,2265938.87,854.185,BS_INV-02_B_S01,2/12/2026
36136,374254.413,2265938.833,855.538,BS_INV-02_B_S01,2/12/2026
36137,374280.902,2265938.917,856.149,BS_INV-02_B_S01,2/12/2026
36138,374307.575,2265938.912,857.05,BS_INV-02_B_S01,2/12/2026
36139,374334.058,2265938.919,858.124,BS_INV-02_B_S01,2/12/2026
36140,374360.76,2265938.943,859.121,BS_INV-02_B_S01,2/12/2026
36141,374387.414,2265938.847,859.686,BS_INV-02_B_S01,2/12/2026
36142,374044.964,2265958.338,851.528,BS_INV-02_B_S01,2/12/2026
36143,374018.544,2265958.309,851.658,BS_INV-02_B_S01,2/12/2026
36144,374413.829,2265977.854,858.118,BS_INV-02_B_S01,2/12/2026
36145,374387.252,2265977.817,857.314,BS_INV-02_B_S01,2/12/2026
36146,374018.455,2265997.318,850.813,BS_INV-02_B_S01,2/12/2026
36147,374045.111,2265997.349,850.874,BS_INV-02_B_S01,2/12/2026
36148,374071.701,2265997.365,850.972,BS_INV-02_B_S01,2/12/2026
36149,374098.265,2265997.278,851.087,BS_INV-02_B_S01,2/12/2026
36150,374124.838,2265997.383,851.363,BS_INV-02_B_S01,2/12/2026
36151,374151.391,2265997.32,851.498,BS_INV-02_B_S01,2/12/2026
36152,374177.973,2265997.301,851.816,BS_INV-02_B_S01,2/12/2026
36153,374204.595,2265997.36,852.172,BS_INV-02_B_S01,2/12/2026
36154,374254.422,2265997.307,853.108,BS_INV-02_B_S01,2/12/2026
36155,374280.984,2265997.321,853.933,BS_INV-02_B_S01,2/12/2026
36156,374307.343,2265997.297,854.194,BS_INV-02_B_S01,2/12/2026
36157,374334.099,2265997.346,854.955,BS_INV-02_B_S01,2/12/2026
36158,374360.653,2265997.329,855.803,BS_INV-02_B_S01,2/12/2026
36159,374413.828,2265938.833,860.434,BS_INV-02_B_S01,2/12/2026
36160,374387.288,2265997.321,856.324,BS_INV-02_B_S01,2/12/2026
36161,374018.457,2265977.885,851.215,BS_INV-02_B_S01,2/12/2026
36162,374045.067,2265977.855,851.179,BS_INV-02_B_S01,2/12/2026
36163,374071.591,2265977.843,851.381,BS_INV-02_B_S01,2/12/2026
36164,374098.16,2265977.86,851.599,BS_INV-02_B_S01,2/12/2026
36165,374124.752,2265977.848,851.755,BS_INV-02_B_S01,2/12/2026
36166,374151.371,2265977.9,851.949,BS_INV-02_B_S01,2/12/2026
36167,374177.941,2265977.853,852.287,BS_INV-02_B_S01,2/12/2026
36168,374204.516,2265977.84,852.711,BS_INV-02_B_S01,2/12/2026
36169,374254.434,2265977.857,853.796,BS_INV-02_B_S01,2/12/2026
36170,374280.91,2265977.874,854.523,BS_INV-02_B_S01,2/12/2026
36171,374307.322,2265977.842,855.216,BS_INV-02_B_S01,2/12/2026
36172,374334.108,2265977.855,855.907,BS_INV-02_B_S01,2/12/2026
36173,374360.674,2265977.839,856.543,BS_INV-02_B_S01,2/12/2026
36174,374413.874,2265997.33,856.956,BS_INV-02_B_S01,2/12/2026
36175,374018.548,2265919.336,852.465,BS_INV-02_B_S01,2/12/2026
36176,374045.088,2265919.347,852.377,BS_INV-02_B_S01,2/12/2026
36177,374071.676,2265919.277,852.564,BS_INV-02_B_S01,2/12/2026
36178,374151.487,2265880.327,855.222,BS_INV-02_B_S01,2/12/2026
36179,374177.978,2265880.3,856.264,BS_INV-02_B_S01,2/12/2026
36180,374204.68,2265880.296,857.222,BS_INV-02_B_S01,2/12/2026
36181,374254.424,2265880.32,859.169,BS_INV-02_B_S01,2/12/2026
36182,374281,2265880.304,859.637,BS_INV-02_B_S01,2/12/2026
36183,374307.565,2265880.291,860.377,BS_INV-02_B_S01,2/12/2026
36184,374334.159,2265880.29,861.368,BS_INV-02_B_S01,2/12/2026
36185,374360.705,2265880.309,862.781,BS_INV-02_B_S01,2/12/2026
36186,374387.304,2265880.292,863.544,BS_INV-02_B_S01,2/12/2026
36187,374413.883,2265880.289,864.218,BS_INV-02_B_S01,2/12/2026
36188,374018.503,2265860.777,854.378,BS_INV-02_B_S01,2/12/2026
36189,374045.11,2265860.8,854.631,BS_INV-02_B_S01,2/12/2026
36190,374071.757,2265860.775,855.101,BS_INV-02_B_S01,2/12/2026
36191,374124.885,2265880.294,854.722,BS_INV-02_B_S01,2/12/2026
36192,374098.26,2265860.786,855.457,BS_INV-02_B_S01,2/12/2026
36193,374151.468,2265860.82,856.252,BS_INV-02_B_S01,2/12/2026
36194,374178.109,2265860.795,857.244,BS_INV-02_B_S01,2/12/2026
36195,374204.651,2265860.77,858.381,BS_INV-02_B_S01,2/12/2026
36196,374254.418,2265860.795,860.325,BS_INV-02_B_S01,2/12/2026
36197,374280.957,2265860.812,861.106,BS_INV-02_B_S01,2/12/2026
36198,374307.61,2265860.796,861.75,BS_INV-02_B_S01,2/12/2026
36199,374334.153,2265860.815,862.537,BS_INV-02_B_S01,2/12/2026
36200,374360.722,2265860.773,863.487,BS_INV-02_B_S01,2/12/2026
36201,374387.311,2265860.791,864.638,BS_INV-02_B_S01,2/12/2026
36202,374413.84,2265860.79,865.392,BS_INV-02_B_S01,2/12/2026
36203,374018.549,2265841.263,854.985,BS_INV-02_B_S01,2/12/2026
36204,374045.11,2265841.293,855.569,BS_INV-02_B_S01,2/12/2026
36205,374071.681,2265841.304,856.059,BS_INV-02_B_S01,2/12/2026
36206,374124.855,2265860.778,855.749,BS_INV-02_B_S01,2/12/2026
36207,374413.92,2266016.798,856.43,BS_INV-02_B_S01,2/12/2026
36208,374098.272,2265880.304,854.707,BS_INV-02_B_S01,2/12/2026
36209,374045.074,2265880.289,853.718,BS_INV-02_B_S01,2/12/2026
36210,374098.328,2265919.277,853.09,BS_INV-02_B_S01,2/12/2026
36211,374124.811,2265919.341,853.348,BS_INV-02_B_S01,2/12/2026
36212,374151.29,2265919.338,853.703,BS_INV-02_B_S01,2/12/2026
36213,374177.969,2265919.355,854.42,BS_INV-02_B_S01,2/12/2026
36214,374204.586,2265919.424,855.021,BS_INV-02_B_S01,2/12/2026
36215,374254.455,2265919.356,856.524,BS_INV-02_B_S01,2/12/2026
36216,374281.013,2265919.372,856.964,BS_INV-02_B_S01,2/12/2026
36217,374307.522,2265919.355,857.978,BS_INV-02_B_S01,2/12/2026
36218,374334.128,2265919.341,859.24,BS_INV-02_B_S01,2/12/2026
36219,374360.674,2265919.449,860.025,BS_INV-02_B_S01,2/12/2026
36220,374387.242,2265919.348,861.226,BS_INV-02_B_S01,2/12/2026
36221,374413.828,2265919.353,861.833,BS_INV-02_B_S01,2/12/2026
36222,374018.553,2265899.817,852.912,BS_INV-02_B_S01,2/12/2026
36223,374071.7,2265880.246,853.946,BS_INV-02_B_S01,2/12/2026
36224,374045.053,2265899.856,853.186,BS_INV-02_B_S01,2/12/2026
36226,374124.864,2265899.817,854.179,BS_INV-02_B_S01,2/12/2026
36227,374151.461,2265899.817,854.548,BS_INV-02_B_S01,2/12/2026
36228,374177.974,2265899.907,855.371,BS_INV-02_B_S01,2/12/2026
36229,374204.565,2265899.869,856.307,BS_INV-02_B_S01,2/12/2026
36230,374254.361,2265899.859,857.905,BS_INV-02_B_S01,2/12/2026
36231,374280.964,2265899.861,858.428,BS_INV-02_B_S01,2/12/2026
36232,374307.569,2265899.884,859.316,BS_INV-02_B_S01,2/12/2026
36233,374334.1,2265899.833,860.338,BS_INV-02_B_S01,2/12/2026
36234,374360.647,2265899.862,861.55,BS_INV-02_B_S01,2/12/2026
36235,374387.203,2265899.868,862.32,BS_INV-02_B_S01,2/12/2026
36236,374413.837,2265899.892,863.21,BS_INV-02_B_S01,2/12/2026
36237,374018.576,2265880.266,853.714,BS_INV-02_B_S01,2/12/2026
36238,374071.761,2265899.714,853.607,BS_INV-02_B_S01,2/12/2026
36239,374098.331,2265841.273,856.339,BS_INV-02_B_S01,2/12/2026
36240,374387.384,2266016.916,855.507,BS_INV-02_B_S01,2/12/2026
36241,374334.236,2266016.872,854.221,BS_INV-02_B_S01,2/12/2026
36242,374307.573,2266582.399,858.013,BS_INV-02_B_S01,2/12/2026
36243,374334.049,2266582.451,858.576,BS_INV-02_B_S01,2/12/2026
36244,374360.514,2266582.407,859.25,BS_INV-02_B_S01,2/12/2026
36245,374387.321,2266582.399,859.851,BS_INV-02_B_S01,2/12/2026
36246,374413.917,2266582.425,860.495,BS_INV-02_B_S01,2/12/2026
36247,374018.345,2266562.96,851.928,BS_INV-02_B_S01,2/12/2026
36248,374044.977,2266562.99,852.517,BS_INV-02_B_S01,2/12/2026
36249,374071.384,2266562.888,852.745,BS_INV-02_B_S01,2/12/2026
36250,374098.212,2266562.928,853.519,BS_INV-02_B_S01,2/12/2026
36251,374124.673,2266562.914,854.74,BS_INV-02_B_S01,2/12/2026
36252,374151.153,2266562.9,855.002,BS_INV-02_B_S01,2/12/2026
36253,374177.898,2266562.969,855.435,BS_INV-02_B_S01,2/12/2026
36254,374204.56,2266562.949,855.901,BS_INV-02_B_S01,2/12/2026
36255,374254.5,2266562.971,856.677,BS_INV-02_B_S01,2/12/2026
36256,374281.059,2266562.96,857.116,BS_INV-02_B_S01,2/12/2026
36257,374307.587,2266562.919,857.88,BS_INV-02_B_S01,2/12/2026
36258,374334.348,2266562.87,858.484,BS_INV-02_B_S01,2/12/2026
36259,374360.589,2266562.95,859.086,BS_INV-02_B_S01,2/12/2026
36260,374387.215,2266562.897,859.822,BS_INV-02_B_S01,2/12/2026
36261,374413.859,2266562.948,860.343,BS_INV-02_B_S01,2/12/2026
36262,374018.434,2266543.399,851.745,BS_INV-02_B_S01,2/12/2026
36263,374045.031,2266543.413,852.491,BS_INV-02_B_S01,2/12/2026
36264,374071.714,2266543.498,853.028,BS_INV-02_B_S01,2/12/2026
36265,374098.329,2266543.34,853.668,BS_INV-02_B_S01,2/12/2026
36266,374124.785,2266543.378,854.483,BS_INV-02_B_S01,2/12/2026
36267,374151.29,2266543.39,854.909,BS_INV-02_B_S01,2/12/2026
36268,374177.965,2266543.405,855.215,BS_INV-02_B_S01,2/12/2026
36269,374280.931,2266582.387,857.121,BS_INV-02_B_S01,2/12/2026
36270,374254.23,2266582.395,856.826,BS_INV-02_B_S01,2/12/2026
36271,374204.517,2266582.417,855.918,BS_INV-02_B_S01,2/12/2026
36272,374177.9,2266582.417,855.509,BS_INV-02_B_S01,2/12/2026
36273,374254.341,2266621.396,856.817,BS_INV-02_B_S01,2/12/2026
36274,374281.044,2266621.445,857.298,BS_INV-02_B_S01,2/12/2026
36275,374307.426,2266621.416,857.927,BS_INV-02_B_S01,2/12/2026
36276,374334.176,2266621.527,858.513,BS_INV-02_B_S01,2/12/2026
36277,374360.709,2266621.384,859.056,BS_INV-02_B_S01,2/12/2026
36278,374387.238,2266621.408,859.447,BS_INV-02_B_S01,2/12/2026
36279,374413.809,2266621.353,860.19,BS_INV-02_B_S01,2/12/2026
36280,374018.335,2266601.949,852.064,BS_INV-02_B_S01,2/12/2026
36281,374045.003,2266601.908,852.571,BS_INV-02_B_S01,2/12/2026
36282,374071.58,2266601.898,852.971,BS_INV-02_B_S01,2/12/2026
36283,374098.16,2266601.907,853.733,BS_INV-02_B_S01,2/12/2026
36284,374124.746,2266601.873,854.402,BS_INV-02_B_S01,2/12/2026
36285,374151.233,2266602.019,854.809,BS_INV-02_B_S01,2/12/2026
36286,374204.54,2266543.411,855.766,BS_INV-02_B_S01,2/12/2026
36287,374177.941,2266601.886,855.359,BS_INV-02_B_S01,2/12/2026
36288,374254.56,2266601.97,856.752,BS_INV-02_B_S01,2/12/2026
36289,374280.972,2266601.93,857.354,BS_INV-02_B_S01,2/12/2026
36290,374307.732,2266601.93,857.846,BS_INV-02_B_S01,2/12/2026
36291,374334.139,2266601.92,858.348,BS_INV-02_B_S01,2/12/2026
36292,374360.623,2266601.928,859.086,BS_INV-02_B_S01,2/12/2026
36293,374387.317,2266601.865,859.631,BS_INV-02_B_S01,2/12/2026
36294,374414.029,2266601.928,860.381,BS_INV-02_B_S01,2/12/2026
36295,374018.394,2266582.393,852.021,BS_INV-02_B_S01,2/12/2026
36296,374044.991,2266582.531,852.578,BS_INV-02_B_S01,2/12/2026
36297,374071.494,2266582.502,853.106,BS_INV-02_B_S01,2/12/2026
36298,374098.187,2266582.421,853.843,BS_INV-02_B_S01,2/12/2026
36299,374124.91,2266582.393,854.341,BS_INV-02_B_S01,2/12/2026
36300,374151.22,2266582.433,854.909,BS_INV-02_B_S01,2/12/2026
36301,374204.516,2266601.895,855.885,BS_INV-02_B_S01,2/12/2026
36302,374254.347,2266543.414,856.53,BS_INV-02_B_S01,2/12/2026
36303,374281.136,2266543.441,857.116,BS_INV-02_B_S01,2/12/2026
36304,374307.605,2266543.403,857.722,BS_INV-02_B_S01,2/12/2026
36305,374387.236,2266055.884,854.023,BS_INV-02_B_S01,2/12/2026
36306,374413.851,2266055.891,854.897,BS_INV-02_B_S01,2/12/2026
36307,374018.407,2266036.459,850.109,BS_INV-02_B_S01,2/12/2026
36308,374045.115,2266036.35,850.137,BS_INV-02_B_S01,2/12/2026
36309,374071.732,2266036.376,849.95,BS_INV-02_B_S01,2/12/2026
36310,374098.217,2266036.322,850.034,BS_INV-02_B_S01,2/12/2026
36311,374124.863,2266036.333,850.322,BS_INV-02_B_S01,2/12/2026
36312,374151.432,2266036.385,850.523,BS_INV-02_B_S01,2/12/2026
36313,374178.012,2266036.368,850.872,BS_INV-02_B_S01,2/12/2026
36314,374204.56,2266036.296,851.105,BS_INV-02_B_S01,2/12/2026
36315,374254.426,2266036.336,851.845,BS_INV-02_B_S01,2/12/2026
36316,374280.998,2266036.365,852.323,BS_INV-02_B_S01,2/12/2026
36317,374307.66,2266036.371,852.752,BS_INV-02_B_S01,2/12/2026
36318,374360.683,2266055.949,853.137,BS_INV-02_B_S01,2/12/2026
36319,374334.199,2266036.316,853.436,BS_INV-02_B_S01,2/12/2026
36320,374387.31,2266036.335,854.755,BS_INV-02_B_S01,2/12/2026
36321,374413.928,2266036.373,855.396,BS_INV-02_B_S01,2/12/2026
36322,374018.478,2266016.887,850.504,BS_INV-02_B_S01,2/12/2026
36323,374045.089,2266016.844,850.317,BS_INV-02_B_S01,2/12/2026
36324,374071.619,2266016.829,850.439,BS_INV-02_B_S01,2/12/2026
36325,374098.277,2266016.865,850.802,BS_INV-02_B_S01,2/12/2026
36326,374124.869,2266016.823,850.803,BS_INV-02_B_S01,2/12/2026
36327,374151.492,2266016.863,851.197,BS_INV-02_B_S01,2/12/2026
36328,374177.999,2266016.815,851.276,BS_INV-02_B_S01,2/12/2026
36329,374204.546,2266016.856,851.666,BS_INV-02_B_S01,2/12/2026
36330,374254.452,2266016.956,852.632,BS_INV-02_B_S01,2/12/2026
36331,374280.987,2266016.876,853.044,BS_INV-02_B_S01,2/12/2026
36332,374307.674,2266016.822,853.461,BS_INV-02_B_S01,2/12/2026
36333,374360.752,2266036.338,854.052,BS_INV-02_B_S01,2/12/2026
36334,374360.771,2266016.841,854.787,BS_INV-02_B_S01,2/12/2026
36335,374333.987,2266055.879,852.697,BS_INV-02_B_S01,2/12/2026
36336,374280.912,2266055.921,851.861,BS_INV-02_B_S01,2/12/2026
36337,374334.14,2266543.427,858.513,BS_INV-02_B_S01,2/12/2026
36338,374360.772,2266543.399,859.115,BS_INV-02_B_S01,2/12/2026
36339,374387.128,2266543.356,859.517,BS_INV-02_B_S01,2/12/2026
36340,374413.816,2266543.354,859.815,BS_INV-02_B_S01,2/12/2026
36341,374018.361,2266075.405,849.531,BS_INV-02_B_S01,2/12/2026
36342,374044.985,2266075.36,849.405,BS_INV-02_B_S01,2/12/2026
36343,374071.587,2266075.416,849.205,BS_INV-02_B_S01,2/12/2026
36344,374098.091,2266075.414,849.464,BS_INV-02_B_S01,2/12/2026
36345,374124.804,2266075.432,849.557,BS_INV-02_B_S01,2/12/2026
36346,374151.41,2266075.42,849.794,BS_INV-02_B_S01,2/12/2026
36347,374177.934,2266075.238,849.811,BS_INV-02_B_S01,2/12/2026
36348,374204.575,2266075.392,850.237,BS_INV-02_B_S01,2/12/2026
36349,374254.25,2266075.498,850.908,BS_INV-02_B_S01,2/12/2026
36350,374307.502,2266055.944,852.294,BS_INV-02_B_S01,2/12/2026
36351,374280.917,2266075.379,851.276,BS_INV-02_B_S01,2/12/2026
36352,374334.099,2266075.34,851.977,BS_INV-02_B_S01,2/12/2026
36353,374360.824,2266075.353,852.647,BS_INV-02_B_S01,2/12/2026
36354,374387.306,2266075.406,853.245,BS_INV-02_B_S01,2/12/2026
36355,374413.835,2266075.376,854.245,BS_INV-02_B_S01,2/12/2026
36356,374018.405,2266055.918,849.75,BS_INV-02_B_S01,2/12/2026
36357,374044.992,2266055.897,849.689,BS_INV-02_B_S01,2/12/2026
36358,374071.555,2266055.927,849.49,BS_INV-02_B_S01,2/12/2026
36359,374098.114,2266055.933,849.877,BS_INV-02_B_S01,2/12/2026
36360,374124.652,2266055.862,850.037,BS_INV-02_B_S01,2/12/2026
36361,374151.34,2266055.95,849.919,BS_INV-02_B_S01,2/12/2026
36362,374177.9,2266055.846,850.37,BS_INV-02_B_S01,2/12/2026
36363,374204.557,2266055.929,850.566,BS_INV-02_B_S01,2/12/2026
36364,374254.335,2266055.942,851.347,BS_INV-02_B_S01,2/12/2026
36365,374307.483,2266075.375,851.666,BS_INV-02_B_S01,2/12/2026
36366,374124.933,2265841.304,856.71,BS_INV-02_B_S01,2/12/2026
36367,374151.494,2265841.261,857.469,BS_INV-02_B_S01,2/12/2026
36368,374178.061,2265841.289,858.152,BS_INV-02_B_S01,2/12/2026
36496,374280.954,2265802.324,865.089,BS_INV-02_B_S01,2/12/2026
36497,374307.552,2265802.28,865.5,BS_INV-02_B_S01,2/12/2026
36498,374334.047,2265802.226,866.752,BS_INV-02_B_S01,2/12/2026
36499,374360.775,2265802.345,867.663,BS_INV-02_B_S01,2/12/2026
36500,374387.309,2265802.299,868.787,BS_INV-02_B_S01,2/12/2026
36501,374413.866,2265802.308,869.092,BS_INV-02_B_S01,2/12/2026
36502,374018.493,2265782.734,857.728,BS_INV-02_B_S01,2/12/2026
36503,374045.012,2265782.771,858.313,BS_INV-02_B_S01,2/12/2026
36504,374071.497,2265782.759,859.254,BS_INV-02_B_S01,2/12/2026
36505,374098.178,2265782.758,860.371,BS_INV-02_B_S01,2/12/2026
36506,374124.913,2265782.767,860.485,BS_INV-02_B_S01,2/12/2026
36507,374151.511,2265782.78,860.538,BS_INV-02_B_S01,2/12/2026
36508,374178.051,2265782.773,861.45,BS_INV-02_B_S01,2/12/2026
36509,374254.455,2265802.299,863.894,BS_INV-02_B_S01,2/12/2026
36510,374204.614,2265782.783,862.39,BS_INV-02_B_S01,2/12/2026
36511,374280.853,2265782.769,866.181,BS_INV-02_B_S01,2/12/2026
36512,374307.46,2265782.794,866.875,BS_INV-02_B_S01,2/12/2026
36513,374334.076,2265782.78,867.953,BS_INV-02_B_S01,2/12/2026
36514,374360.651,2265782.81,868.999,BS_INV-02_B_S01,2/12/2026
36515,374387.188,2265782.823,869.848,BS_INV-02_B_S01,2/12/2026
36516,374413.843,2265782.821,870.34,BS_INV-02_B_S01,2/12/2026
36517,374018.393,2265763.256,858.347,BS_INV-02_B_S01,2/12/2026
36518,374044.964,2265763.33,859.129,BS_INV-02_B_S01,2/12/2026
36519,374071.547,2265763.243,860.49,BS_INV-02_B_S01,2/12/2026
36520,374098.204,2265763.277,861.812,BS_INV-02_B_S01,2/12/2026
36521,374124.814,2265763.277,861.61,BS_INV-02_B_S01,2/12/2026
36522,374151.478,2265763.347,861.646,BS_INV-02_B_S01,2/12/2026
36523,374177.937,2265763.272,862.472,BS_INV-02_B_S01,2/12/2026
36524,374254.306,2265782.782,864.955,BS_INV-02_B_S01,2/12/2026
36525,374204.473,2265763.283,863.688,BS_INV-02_B_S01,2/12/2026
36526,374204.616,2265802.28,861.349,BS_INV-02_B_S01,2/12/2026
36527,374151.524,2265802.319,859.507,BS_INV-02_B_S01,2/12/2026
36528,374204.547,2265841.294,859.401,BS_INV-02_B_S01,2/12/2026
36529,374254.434,2265841.343,861.439,BS_INV-02_B_S01,2/12/2026
36530,374281.016,2265841.34,862.288,BS_INV-02_B_S01,2/12/2026
36531,374307.544,2265841.316,862.877,BS_INV-02_B_S01,2/12/2026
36532,374334.034,2265841.34,863.763,BS_INV-02_B_S01,2/12/2026
36533,374360.668,2265841.332,864.773,BS_INV-02_B_S01,2/12/2026
36534,374387.335,2265841.296,865.843,BS_INV-02_B_S01,2/12/2026
36535,374413.904,2265841.238,866.434,BS_INV-02_B_S01,2/12/2026
36536,374018.481,2265821.822,855.924,BS_INV-02_B_S01,2/12/2026
36537,374045.151,2265821.834,856.629,BS_INV-02_B_S01,2/12/2026
36538,374071.663,2265821.88,857.233,BS_INV-02_B_S01,2/12/2026
36539,374098.323,2265821.785,857.681,BS_INV-02_B_S01,2/12/2026
36540,374124.911,2265821.808,858.195,BS_INV-02_B_S01,2/12/2026
36541,374178.054,2265802.355,860.381,BS_INV-02_B_S01,2/12/2026
36542,374151.439,2265821.85,858.641,BS_INV-02_B_S01,2/12/2026
36543,374204.643,2265821.807,860.483,BS_INV-02_B_S01,2/12/2026
36544,374254.479,2265821.867,862.676,BS_INV-02_B_S01,2/12/2026
36545,374280.988,2265821.803,863.572,BS_INV-02_B_S01,2/12/2026
36546,374307.642,2265821.824,864.233,BS_INV-02_B_S01,2/12/2026
36547,374334.111,2265821.821,865.036,BS_INV-02_B_S01,2/12/2026
36548,374360.674,2265821.799,866.042,BS_INV-02_B_S01,2/12/2026
36549,374387.254,2265821.78,867.099,BS_INV-02_B_S01,2/12/2026
36550,374413.878,2265821.749,867.78,BS_INV-02_B_S01,2/12/2026
36551,374018.524,2265802.27,856.637,BS_INV-02_B_S01,2/12/2026
36552,374045.028,2265802.279,857.363,BS_INV-02_B_S01,2/12/2026
36553,374071.73,2265802.279,858.379,BS_INV-02_B_S01,2/12/2026
36554,374098.256,2265802.268,858.925,BS_INV-02_B_S01,2/12/2026
36555,374124.865,2265802.347,859.187,BS_INV-02_B_S01,2/12/2026
36556,374178.046,2265821.816,859.535,BS_INV-02_B_S01,2/12/2026
36558,374254.146,2265763.251,865.919,BS_INV-02_B_S01,2/12/2026
36559,374307.416,2265763.348,867.86,BS_INV-02_B_S01,2/12/2026
36589,374280.949,2265763.239,866.934,BS_INV-02_B_S01,2/12/2026
36592,374333.915,2265763.294,869.14,BS_INV-02_B_S01,2/12/2026
36593,374360.564,2265763.259,870.402,BS_INV-02_B_S01,2/12/2026
36594,374387.083,2265763.199,871.09,BS_INV-02_B_S01,2/12/2026
36595,374413.685,2265763.203,871.259,BS_INV-02_B_S01,2/12/2026
36596,374018.665,2265743.873,859.521,BS_INV-02_B_S01,2/12/2026
36597,374045.021,2265743.761,860.422,BS_INV-02_B_S01,2/12/2026
36598,374071.532,2265743.79,861.731,BS_INV-02_B_S01,2/12/2026
36599,374098.13,2265743.786,862.961,BS_INV-02_B_S01,2/12/2026
36600,374124.754,2265743.782,862.99,BS_INV-02_B_S01,2/12/2026
36601,374151.548,2265743.83,862.947,BS_INV-02_B_S01,2/12/2026
36602,374177.916,2265743.796,863.757,BS_INV-02_B_S01,2/12/2026
36603,374204.51,2265743.697,864.78,BS_INV-02_B_S01,2/12/2026
36604,374254.249,2265743.783,867.008,BS_INV-02_B_S01,2/12/2026
36606,374280.842,2265743.738,868.122,BS_INV-02_B_S01,2/12/2026
36607,374333.867,2265743.736,869.878,BS_INV-02_B_S01,2/12/2026
36608,374360.52,2265743.74,871.271,BS_INV-02_B_S01,2/12/2026
36609,374387.103,2265743.733,872.008,BS_INV-02_B_S01,2/12/2026
36610,374413.726,2265743.714,872.113,BS_INV-02_B_S01,2/12/2026
36620,374307.378,2265743.782,868.898,BS_INV-02_B_S01,2/12/2026
36622,374098.251,2265899.825,853.832,BS_INV-02_B_S01,2/12/2026
41425,374440.465,2266738.427,856.801,BS_INV-02_B_S01,2/12/2026
41426,374467.082,2266738.433,856.056,BS_INV-02_B_S01,2/12/2026
41427,374440.433,2266719.067,857.788,BS_INV-02_B_S01,2/12/2026
41428,374467.009,2266718.983,857.189,BS_INV-02_B_S01,2/12/2026
41429,374440.523,2266699.337,858.521,BS_INV-02_B_S01,2/12/2026
41430,374466.974,2266699.525,857.996,BS_INV-02_B_S01,2/12/2026
41431,374440.371,2266680.008,858.821,BS_INV-02_B_S01,2/12/2026
41432,374467.062,2266679.978,858.738,BS_INV-02_B_S01,2/12/2026
41433,374440.329,2266660.488,859.64,BS_INV-02_B_S01,2/12/2026
41434,374466.992,2266660.617,859.211,BS_INV-02_B_S01,2/12/2026
41436,374440.382,2266640.954,860.414,BS_INV-02_B_S01,2/12/2026
41456,374466.921,2266641.01,861.059,BS_INV-02_B_S01,2/12/2026
41457,374466.919,2266621.515,861.684,BS_INV-02_B_S01,2/12/2026
41458,374467.048,2265977.899,860.424,BS_INV-02_B_S01,2/12/2026
41459,374440.486,2265958.393,859.964,BS_INV-02_B_S01,2/12/2026
41460,374467.13,2265958.293,861.211,BS_INV-02_B_S01,2/12/2026
41461,374440.479,2265938.904,861.031,BS_INV-02_B_S01,2/12/2026
41462,374467.092,2265938.837,862.564,BS_INV-02_B_S01,2/12/2026
41463,374440.475,2265919.361,862.445,BS_INV-02_B_S01,2/12/2026
41464,374467.146,2265919.392,863.268,BS_INV-02_B_S01,2/12/2026
41465,374440.487,2265899.881,864.019,BS_INV-02_B_S01,2/12/2026
41466,374467.115,2265899.934,864.586,BS_INV-02_B_S01,2/12/2026
41467,374440.404,2265880.345,865.174,BS_INV-02_B_S01,2/12/2026
41468,374467.074,2265880.372,865.82,BS_INV-02_B_S01,2/12/2026
41469,374440.502,2265860.894,866.392,BS_INV-02_B_S01,2/12/2026
41470,374467.101,2265860.847,866.99,BS_INV-02_B_S01,2/12/2026
41471,374440.496,2265841.373,867.375,BS_INV-02_B_S01,2/12/2026
41472,374467.099,2265841.344,867.829,BS_INV-02_B_S01,2/12/2026
41473,374440.365,2265977.909,859.174,BS_INV-02_B_S01,2/12/2026
41474,374440.355,2266621.438,860.482,BS_INV-02_B_S01,2/12/2026
41475,374467.016,2265997.486,859.627,BS_INV-02_B_S01,2/12/2026
41476,374467.006,2266016.963,858.597,BS_INV-02_B_S01,2/12/2026
41477,374440.287,2266601.943,860.974,BS_INV-02_B_S01,2/12/2026
41478,374466.973,2266601.961,862.234,BS_INV-02_B_S01,2/12/2026
41479,374440.34,2266582.621,861.123,BS_INV-02_B_S01,2/12/2026
41480,374466.975,2266582.51,861.71,BS_INV-02_B_S01,2/12/2026
41481,374440.355,2266563.065,860.329,BS_INV-02_B_S01,2/12/2026
41482,374466.934,2266563.027,861.462,BS_INV-02_B_S01,2/12/2026
41483,374440.454,2266543.498,860.853,BS_INV-02_B_S01,2/12/2026
41484,374467.111,2266543.406,861.385,BS_INV-02_B_S01,2/12/2026
41485,374440.485,2266075.349,855.106,BS_INV-02_B_S01,2/12/2026
41486,374467.01,2266075.425,856.058,BS_INV-02_B_S01,2/12/2026
41487,374440.412,2266055.918,855.8,BS_INV-02_B_S01,2/12/2026
41488,374467.031,2266055.895,856.812,BS_INV-02_B_S01,2/12/2026
41489,374440.368,2266036.368,856.747,BS_INV-02_B_S01,2/12/2026
41490,374467.189,2266036.494,857.569,BS_INV-02_B_S01,2/12/2026
41491,374440.361,2266016.937,857.484,BS_INV-02_B_S01,2/12/2026
41492,374440.349,2265997.449,858.3,BS_INV-02_B_S01,2/12/2026
41560,374440.457,2265821.82,868.362,BS_INV-02_B_S01,2/12/2026
41570,374467.04,2265821.884,869.056,BS_INV-02_B_S01,2/12/2026
41571,374440.451,2265802.405,869.621,BS_INV-02_B_S01,2/12/2026
41572,374467.064,2265802.433,870.094,BS_INV-02_B_S01,2/12/2026
41669,374440.396,2265782.884,870.37,BS_INV-02_B_S01,2/12/2026
41670,374467.084,2265782.848,870.986,BS_INV-02_B_S01,2/12/2026
41671,374440.365,2265763.379,871.233,BS_INV-02_B_S01,2/12/2026
41672,374467.048,2265763.381,871.501,BS_INV-02_B_S01,2/12/2026
41673,374440.443,2265743.824,871.813,BS_INV-02_B_S01,2/12/2026
41674,374467.012,2265743.975,871.83,BS_INV-02_B_S01,2/12/2026
41737,374111.221,2266153.324,848.355,BS_INV-02_B_S01,2/12/2026
41738,374133.694,2266153.235,848.299,BS_INV-02_B_S01,2/12/2026
41739,374440.63,2266153.391,852.523,BS_INV-02_B_S01,2/12/2026
41740,374467.058,2266153.326,853.299,BS_INV-02_B_S01,2/12/2026
41741,374111.098,2266172.941,848.207,BS_INV-02_B_S01,2/12/2026
41743,374133.43,2266173.008,847.987,BS_INV-02_B_S01,2/12/2026
41763,374440.523,2266172.874,852.015,BS_INV-02_B_S01,2/12/2026
41764,374111.166,2266192.412,848.088,BS_INV-02_B_S01,2/12/2026
41773,373991.822,2266094.891,849.53,BS_INV-02_B_S01,2/12/2026
41774,374018.419,2266094.89,848.82,BS_INV-02_B_S01,2/12/2026
41775,374440.372,2266094.861,854.277,BS_INV-02_B_S01,2/12/2026
41776,374466.977,2266094.987,855.38,BS_INV-02_B_S01,2/12/2026
41777,373991.7,2266523.923,851.491,BS_INV-02_B_S01,2/12/2026
41778,374018.394,2266523.933,851.785,BS_INV-02_B_S01,2/12/2026
41779,374440.393,2266523.98,860.084,BS_INV-02_B_S01,2/12/2026
41781,374467.161,2266172.818,852.633,BS_INV-02_B_S01,2/12/2026
41784,374133.415,2266192.435,847.885,BS_INV-02_B_S01,2/12/2026
41785,374440.553,2266192.425,851.639,BS_INV-02_B_S01,2/12/2026
41786,374467.102,2266192.417,852.483,BS_INV-02_B_S01,2/12/2026
41787,374111.178,2266211.83,847.912,BS_INV-02_B_S01,2/12/2026
41788,374133.421,2266211.867,847.515,BS_INV-02_B_S01,2/12/2026
41789,374440.54,2266211.808,851.35,BS_INV-02_B_S01,2/12/2026
41790,374467.107,2266211.892,852.241,BS_INV-02_B_S01,2/12/2026
41867,374466.953,2266524.015,860.828,BS_INV-02_B_S01,2/12/2026
41877,373991.779,2266504.392,851.374,BS_INV-02_B_S01,2/12/2026
41878,374018.414,2266504.41,851.488,BS_INV-02_B_S01,2/12/2026
41879,374440.462,2266504.455,859.784,BS_INV-02_B_S01,2/12/2026
41957,374440.394,2266406.872,854.584,BS_INV-02_B_S01,2/12/2026
41958,374466.957,2266406.86,855.189,BS_INV-02_B_S01,2/12/2026
41959,373991.834,2266387.356,848.476,BS_INV-02_B_S01,2/12/2026
41960,374018.421,2266387.386,849.625,BS_INV-02_B_S01,2/12/2026
41961,374440.439,2266387.528,853.917,BS_INV-02_B_S01,2/12/2026
41962,374466.976,2266387.294,854.196,BS_INV-02_B_S01,2/12/2026
41963,373991.846,2266367.846,847.632,BS_INV-02_B_S01,2/12/2026
41964,374018.437,2266367.872,848.994,BS_INV-02_B_S01,2/12/2026
41965,374440.519,2266367.784,852.779,BS_INV-02_B_S01,2/12/2026
41966,374467.06,2266367.894,853.141,BS_INV-02_B_S01,2/12/2026
41967,373991.799,2266348.385,847.3,BS_INV-02_B_S01,2/12/2026
41968,374018.416,2266348.36,847.959,BS_INV-02_B_S01,2/12/2026
41969,374440.465,2266348.181,852.106,BS_INV-02_B_S01,2/12/2026
41970,374467.038,2266348.298,852.639,BS_INV-02_B_S01,2/12/2026
41971,373991.764,2266328.85,847.098,BS_INV-02_B_S01,2/12/2026
41972,374018.312,2266406.816,849.673,BS_INV-02_B_S01,2/12/2026
41973,374018.38,2266328.87,847.154,BS_INV-02_B_S01,2/12/2026
41974,373991.822,2266406.899,848.787,BS_INV-02_B_S01,2/12/2026
41975,374440.415,2266426.385,855.772,BS_INV-02_B_S01,2/12/2026
41976,374466.969,2266504.398,860.169,BS_INV-02_B_S01,2/12/2026
41977,373991.741,2266484.884,850.849,BS_INV-02_B_S01,2/12/2026
41978,374018.437,2266484.926,851.296,BS_INV-02_B_S01,2/12/2026
41979,374440.444,2266484.985,859.358,BS_INV-02_B_S01,2/12/2026
41980,374467.024,2266484.895,859.402,BS_INV-02_B_S01,2/12/2026
41981,373991.7,2266465.388,850.763,BS_INV-02_B_S01,2/12/2026
41982,374018.395,2266465.39,851.304,BS_INV-02_B_S01,2/12/2026
41983,374440.391,2266465.391,858.521,BS_INV-02_B_S01,2/12/2026
41984,374466.996,2266465.384,858.96,BS_INV-02_B_S01,2/12/2026
41985,373991.751,2266445.869,850.055,BS_INV-02_B_S01,2/12/2026
41986,374018.379,2266445.893,851.053,BS_INV-02_B_S01,2/12/2026
41987,374440.408,2266445.92,857.155,BS_INV-02_B_S01,2/12/2026
41988,374466.954,2266445.87,857.478,BS_INV-02_B_S01,2/12/2026
41989,373991.782,2266426.364,849.581,BS_INV-02_B_S01,2/12/2026
41990,374018.434,2266426.354,850.308,BS_INV-02_B_S01,2/12/2026
41991,374466.963,2266426.416,856.166,BS_INV-02_B_S01,2/12/2026
41992,374440.428,2266328.899,851.622,BS_INV-02_B_S01,2/12/2026
41993,374467.012,2266328.884,852.06,BS_INV-02_B_S01,2/12/2026
41994,373991.765,2266309.355,847.006,BS_INV-02_B_S01,2/12/2026
42014,374018.363,2266309.347,846.927,BS_INV-02_B_S01,2/12/2026
42015,374440.483,2266309.394,851.386,BS_INV-02_B_S01,2/12/2026
42016,374467.02,2266309.38,851.887,BS_INV-02_B_S01,2/12/2026
42017,373991.939,2266289.799,847.003,BS_INV-02_B_S01,2/12/2026
42018,374018.374,2266289.886,846.986,BS_INV-02_B_S01,2/12/2026
42019,374440.451,2266289.9,851.204,BS_INV-02_B_S01,2/12/2026
42020,374467.062,2266289.897,851.691,BS_INV-02_B_S01,2/12/2026
42022,373991.76,2266270.395,847.108,BS_INV-02_B_S01,2/12/2026
42023,374440.434,2266270.337,851.164,BS_INV-02_B_S01,2/12/2026
42024,374467.025,2266270.386,851.653,BS_INV-02_B_S01,2/12/2026
42030,374018.324,2266270.42,846.487,BS_INV-02_B_S01,2/12/2026
42428,373941.949,2266172.901,848.765,BS_INV-02_B_S01,2/12/2026
42429,373919.735,2266172.933,848.968,BS_INV-02_B_S01,2/12/2026
42430,373612.764,2266172.908,840.166,BS_INV-02_B_S01,2/12/2026
42431,373586.219,2266172.936,839.149,BS_INV-02_B_S01,2/12/2026
42433,373941.94,2266153.416,849.293,BS_INV-02_B_S01,2/12/2026
42452,373919.829,2266153.378,849.358,BS_INV-02_B_S01,2/12/2026
42453,373612.729,2266153.439,840.914,BS_INV-02_B_S01,2/12/2026
42454,373586.228,2266153.415,839.649,BS_INV-02_B_S01,2/12/2026
42474,373941.995,2266133.83,849.605,BS_INV-02_B_S01,2/12/2026
42475,373919.761,2266133.869,849.817,BS_INV-02_B_S01,2/12/2026
42476,373612.791,2266133.912,841.468,BS_INV-02_B_S01,2/12/2026
42477,373586.225,2266133.905,840.203,BS_INV-02_B_S01,2/12/2026
42478,373941.916,2266114.44,850.106,BS_INV-02_B_S01,2/12/2026
42479,373919.649,2266114.378,850.329,BS_INV-02_B_S01,2/12/2026
42480,373612.807,2266114.406,842.471,BS_INV-02_B_S01,2/12/2026
42482,373586.292,2266114.434,840.819,BS_INV-02_B_S01,2/12/2026
42483,373919.847,2266094.823,850.655,BS_INV-02_B_S01,2/12/2026
42484,373612.87,2266094.931,843.356,BS_INV-02_B_S01,2/12/2026
42485,373586.254,2266094.902,841.339,BS_INV-02_B_S01,2/12/2026
42490,373941.973,2266094.896,850.47,BS_INV-02_B_S01,2/12/2026
42801,373612.846,2265938.867,845.905,BS_INV-02_B_S01,2/12/2026
42802,373586.366,2265938.916,842.982,BS_INV-02_B_S01,2/12/2026
42803,373612.927,2265919.402,845.641,BS_INV-02_B_S01,2/12/2026
42804,373586.426,2265919.434,842.842,BS_INV-02_B_S01,2/12/2026
42805,373612.918,2265899.961,845.156,BS_INV-02_B_S01,2/12/2026
42806,373586.454,2265899.916,842.592,BS_INV-02_B_S01,2/12/2026
42807,373612.967,2265880.393,844.51,BS_INV-02_B_S01,2/12/2026
42808,373586.442,2265880.439,842.428,BS_INV-02_B_S01,2/12/2026
42809,373612.907,2265860.912,844.185,BS_INV-02_B_S01,2/12/2026
42810,373586.444,2265860.925,842.312,BS_INV-02_B_S01,2/12/2026
42811,373612.948,2265841.431,844.061,BS_INV-02_B_S01,2/12/2026
42812,373586.447,2265841.411,842.275,BS_INV-02_B_S01,2/12/2026
42813,373613.002,2265821.944,843.828,BS_INV-02_B_S01,2/12/2026
42814,373586.39,2265821.907,842.191,BS_INV-02_B_S01,2/12/2026
42815,373613.008,2265802.416,843.711,BS_INV-02_B_S01,2/12/2026
42816,373586.378,2265958.406,843.057,BS_INV-02_B_S01,2/12/2026
42817,373586.432,2265802.436,842.104,BS_INV-02_B_S01,2/12/2026
42818,373612.862,2265958.433,845.641,BS_INV-02_B_S01,2/12/2026
42819,373612.891,2265977.903,846.109,BS_INV-02_B_S01,2/12/2026
42825,373612.855,2266075.476,844.064,BS_INV-02_B_S01,2/12/2026
42826,373586.346,2266075.492,841.754,BS_INV-02_B_S01,2/12/2026
42827,373612.83,2266055.967,844.844,BS_INV-02_B_S01,2/12/2026
42828,373586.33,2266055.985,842.293,BS_INV-02_B_S01,2/12/2026
42829,373612.836,2266036.418,845.263,BS_INV-02_B_S01,2/12/2026
42830,373586.324,2266036.385,842.489,BS_INV-02_B_S01,2/12/2026
42831,373612.823,2266016.9,845.811,BS_INV-02_B_S01,2/12/2026
42832,373586.33,2266016.807,842.8,BS_INV-02_B_S01,2/12/2026
42833,373612.839,2265997.402,846.239,BS_INV-02_B_S01,2/12/2026
42834,373586.331,2265997.24,843.097,BS_INV-02_B_S01,2/12/2026
42835,373586.383,2265977.725,843.135,BS_INV-02_B_S01,2/12/2026
42836,373612.964,2265782.953,843.942,BS_INV-02_B_S01,2/12/2026
42837,373586.398,2265782.92,842.169,BS_INV-02_B_S01,2/12/2026
42838,373612.905,2265763.41,844.261,BS_INV-02_B_S01,2/12/2026
42858,373586.399,2265763.428,842.684,BS_INV-02_B_S01,2/12/2026
42859,373612.88,2265743.832,844.489,BS_INV-02_B_S01,2/12/2026
42860,373586.341,2265743.9,843.187,BS_INV-02_B_S01,2/12/2026
45562,373941.813,2265743.822,857.605,BS_INV-02_B_S01,2/12/2026
45563,373941.928,2265763.419,857.238,BS_INV-02_B_S01,2/12/2026
45564,373941.993,2265782.9,856.257,BS_INV-02_B_S01,2/12/2026
45566,373941.974,2265802.364,855.549,BS_INV-02_B_S01,2/12/2026
45586,373941.925,2265821.901,855.103,BS_INV-02_B_S01,2/12/2026
45587,373941.946,2265860.865,854.55,BS_INV-02_B_S01,2/12/2026
45604,373942.084,2265841.348,854.729,BS_INV-02_B_S01,2/12/2026
45607,373941.991,2265880.422,854.071,BS_INV-02_B_S01,2/12/2026
45608,373941.946,2265899.893,853.598,BS_INV-02_B_S01,2/12/2026
45609,373942.008,2265919.484,853.283,BS_INV-02_B_S01,2/12/2026
45610,373941.994,2265938.964,852.867,BS_INV-02_B_S01,2/12/2026
45611,373942.023,2265958.42,852.486,BS_INV-02_B_S01,2/12/2026
45612,373941.954,2265977.892,851.999,BS_INV-02_B_S01,2/12/2026
45613,373942.001,2265997.422,851.637,BS_INV-02_B_S01,2/12/2026
45614,373942.029,2266016.962,851.336,BS_INV-02_B_S01,2/12/2026
45615,373941.993,2266036.41,850.992,BS_INV-02_B_S01,2/12/2026
45616,373941.992,2266055.926,850.815,BS_INV-02_B_S01,2/12/2026
45617,373941.945,2266075.383,850.65,BS_INV-02_B_S01,2/12/2026
45703,373991.894,2265821.921,855.532,BS_INV-02_B_S01,2/12/2026
45704,373991.915,2265841.379,854.746,BS_INV-02_B_S01,2/12/2026
45705,373991.896,2265860.91,854.147,BS_INV-02_B_S01,2/12/2026
45706,373991.877,2265880.411,853.364,BS_INV-02_B_S01,2/12/2026
45707,373991.848,2265899.873,852.91,BS_INV-02_B_S01,2/12/2026
45708,373991.838,2265919.367,852.32,BS_INV-02_B_S01,2/12/2026
45709,373991.816,2265938.864,851.89,BS_INV-02_B_S01,2/12/2026
45710,373991.786,2265958.389,851.705,BS_INV-02_B_S01,2/12/2026
45711,373991.819,2265977.88,851.468,BS_INV-02_B_S01,2/12/2026
45712,373991.894,2265997.409,850.94,BS_INV-02_B_S01,2/12/2026
45713,373991.816,2266016.876,850.662,BS_INV-02_B_S01,2/12/2026
45714,373991.851,2266036.407,850.059,BS_INV-02_B_S01,2/12/2026
45715,373991.825,2266055.855,849.752,BS_INV-02_B_S01,2/12/2026
45716,373991.846,2266075.409,849.605,BS_INV-02_B_S01,2/12/2026
45717,373991.746,2266543.368,851.758,BS_INV-02_B_S01,2/12/2026
45718,373991.914,2265802.42,856.161,BS_INV-02_B_S01,2/12/2026
45719,373991.86,2266562.953,851.775,BS_INV-02_B_S01,2/12/2026
45720,373991.921,2265782.956,856.998,BS_INV-02_B_S01,2/12/2026
45721,373991.933,2265743.894,858.957,BS_INV-02_B_S01,2/12/2026
45737,373991.915,2265763.415,857.863,BS_INV-02_B_S01,2/12/2026
45739,373991.773,2266582.448,851.88,BS_INV-02_B_S01,2/12/2026
45740,373991.747,2266621.402,851.794,BS_INV-02_B_S01,2/12/2026
45757,373991.777,2266601.956,851.837,BS_INV-02_B_S01,2/12/2026
45760,373991.735,2266640.969,851.502,BS_INV-02_B_S01,2/12/2026
45761,373991.775,2266660.412,851.57,BS_INV-02_B_S01,2/12/2026
45762,373991.856,2266679.887,851.203,BS_INV-02_B_S01,2/12/2026
45763,373991.792,2266699.374,850.78,BS_INV-02_B_S01,2/12/2026
45764,373991.756,2266718.886,850.536,BS_INV-02_B_S01,2/12/2026
45765,373991.791,2266738.367,850.122,BS_INV-02_B_S01,2/12/2026
47248,374229.523,2266523.836,855.951,BS_INV-02_B_S01,2/12/2026
47249,374229.5,2266094.87,849.911,BS_INV-02_B_S01,2/12/2026
47255,374229.427,2266211.833,848.566,BS_INV-02_B_S01,2/12/2026
47256,374229.466,2266192.351,848.622,BS_INV-02_B_S01,2/12/2026
47257,374229.444,2266172.827,848.723,BS_INV-02_B_S01,2/12/2026
47258,374229.45,2266153.392,848.883,BS_INV-02_B_S01,2/12/2026
47264,374229.381,2266504.278,855.877,BS_INV-02_B_S01,2/12/2026
47302,374229.366,2266484.879,855.362,BS_INV-02_B_S01,2/12/2026
47303,374229.526,2266465.309,855.6,BS_INV-02_B_S01,2/12/2026
47304,374229.445,2266445.758,855.334,BS_INV-02_B_S01,2/12/2026
47349,374229.459,2266270.297,848.616,BS_INV-02_B_S01,2/12/2026
47350,374229.474,2266289.804,849.159,BS_INV-02_B_S01,2/12/2026
47351,374229.498,2266309.312,849.482,BS_INV-02_B_S01,2/12/2026
47352,374229.482,2266328.847,850.232,BS_INV-02_B_S01,2/12/2026
47353,374229.502,2266348.327,851.056,BS_INV-02_B_S01,2/12/2026
47354,374229.43,2266367.824,851.979,BS_INV-02_B_S01,2/12/2026
47355,374229.388,2266387.353,852.789,BS_INV-02_B_S01,2/12/2026
47356,374229.378,2266406.787,853.51,BS_INV-02_B_S01,2/12/2026
47357,374229.473,2266426.284,854.6,BS_INV-02_B_S01,2/12/2026
48013,373823.637,2266036.339,852.111,BS_INV-02_B_S01,2/12/2026
48014,373823.661,2266055.908,851.698,BS_INV-02_B_S01,2/12/2026
48015,373823.604,2266075.378,851.08,BS_INV-02_B_S01,2/12/2026
48029,373823.675,2266016.866,852.531,BS_INV-02_B_S01,2/12/2026
48067,373823.705,2265997.356,852.963,BS_INV-02_B_S01,2/12/2026
48068,373823.597,2265977.895,853.648,BS_INV-02_B_S01,2/12/2026
48069,373823.662,2265958.321,854.102,BS_INV-02_B_S01,2/12/2026
48084,373823.622,2266094.887,850.529,BS_INV-02_B_S01,2/12/2026
48086,373823.635,2266114.36,849.792,BS_INV-02_B_S01,2/12/2026
48105,373823.584,2266133.851,848.93,BS_INV-02_B_S01,2/12/2026
48106,373823.587,2266153.39,848.051,BS_INV-02_B_S01,2/12/2026
48107,373823.624,2266172.899,847.456,BS_INV-02_B_S01,2/12/2026
48112,373823.635,2265743.843,854.49,BS_INV-02_B_S01,2/12/2026
48113,373823.628,2265763.332,854.386,BS_INV-02_B_S01,2/12/2026
48114,373823.628,2265782.85,854.425,BS_INV-02_B_S01,2/12/2026
48115,373823.632,2265802.301,854.24,BS_INV-02_B_S01,2/12/2026
48116,373823.562,2265821.884,854.624,BS_INV-02_B_S01,2/12/2026
48117,373823.657,2265841.386,855.063,BS_INV-02_B_S01,2/12/2026
48118,373823.626,2265860.812,855.115,BS_INV-02_B_S01,2/12/2026
48119,373823.626,2265880.37,855.375,BS_INV-02_B_S01,2/12/2026
48120,373823.714,2265899.851,855.669,BS_INV-02_B_S01,2/12/2026
48121,373823.652,2265919.306,855.222,BS_INV-02_B_S01,2/12/2026
48122,373823.683,2265938.866,854.714,BS_INV-02_B_S01,2/12/2026
48223,374229.536,2265997.331,852.856,BS_INV-02_B_S01,2/12/2026
48224,374229.558,2266016.897,852.215,BS_INV-02_B_S01,2/12/2026
48225,374229.508,2266036.344,851.611,BS_INV-02_B_S01,2/12/2026
48226,374229.542,2266055.873,850.901,BS_INV-02_B_S01,2/12/2026
48227,374229.505,2266075.349,850.534,BS_INV-02_B_S01,2/12/2026
48228,374229.525,2266543.363,856.142,BS_INV-02_B_S01,2/12/2026
48229,374229.534,2266562.834,856.263,BS_INV-02_B_S01,2/12/2026
48230,374229.504,2266582.316,856.289,BS_INV-02_B_S01,2/12/2026
48231,374229.42,2266601.794,856.383,BS_INV-02_B_S01,2/12/2026
48232,374229.31,2266621.366,856.374,BS_INV-02_B_S01,2/12/2026
48233,374229.451,2266640.817,856.172,BS_INV-02_B_S01,2/12/2026
48234,374229.488,2266660.311,856.189,BS_INV-02_B_S01,2/12/2026
48235,374229.412,2266679.851,856.419,BS_INV-02_B_S01,2/12/2026
48236,374229.436,2266699.347,856.446,BS_INV-02_B_S01,2/12/2026
48237,374229.381,2266718.799,855.944,BS_INV-02_B_S01,2/12/2026
48238,374229.534,2265977.875,853.348,BS_INV-02_B_S01,2/12/2026
48239,374229.44,2266738.391,856.121,BS_INV-02_B_S01,2/12/2026
48240,374229.437,2265958.37,853.794,BS_INV-02_B_S01,2/12/2026
48241,374229.649,2265919.426,855.786,BS_INV-02_B_S01,2/12/2026
48248,374229.58,2265743.852,866.073,BS_INV-02_B_S01,2/12/2026
48249,374229.531,2265763.331,864.783,BS_INV-02_B_S01,2/12/2026
48250,374229.554,2265782.839,863.722,BS_INV-02_B_S01,2/12/2026
48251,374229.572,2265802.325,862.721,BS_INV-02_B_S01,2/12/2026
48252,374229.481,2265821.851,861.717,BS_INV-02_B_S01,2/12/2026
48253,374229.558,2265841.375,860.789,BS_INV-02_B_S01,2/12/2026
48254,374229.514,2265860.848,859.525,BS_INV-02_B_S01,2/12/2026
48255,374229.614,2265880.404,858.352,BS_INV-02_B_S01,2/12/2026
48256,374229.578,2265899.825,857.103,BS_INV-02_B_S01,2/12/2026
48257,374229.536,2265938.867,854.687,BS_INV-02_B_S01,2/12/2026
400006,373824.685,2265741.368,854.683,BS_INV-02_B_S01,2/12/2026
400007,374228.383,2266740.875,855.967,BS_INV-02_B_S01,2/12/2026
400008,374228.497,2265741.396,866.14,BS_INV-02_B_S01,2/12/2026
400009,373824.628,2266214.353,846.307,BS_INV-02_B_S01,2/12/2026
400010,374231.986,2266210.895,848.663,BS_INV-02_B_S01,2/12/2026
400011,374093.981,2266210.808,847.761,BS_INV-02_B_S01,2/12/2026
400012,374232.013,2266152.396,849.082,BS_INV-02_B_S01,2/12/2026
400013,374091.66,2266152.295,848.275,BS_INV-02_B_S01,2/12/2026
400014,374232.005,2266154.423,849.041,BS_INV-02_B_S01,2/12/2026
400015,374091.619,2266154.307,848.275,BS_INV-02_B_S01,2/12/2026
400016,373956.873,2266210.955,848.212,BS_INV-02_B_S01,2/12/2026
400017,373821.215,2266210.898,846.213,BS_INV-02_B_S01,2/12/2026
500004,373998.88,2266193.636,848.013,BS_INV-02_B_S01,2/12/2026
500005,373998.866,2266199.595,847.873,BS_INV-02_B_S01,2/12/2026
500006,374002.523,2266199.64,847.877,BS_INV-02_B_S01,2/12/2026
500007,374002.544,2266193.654,848.056,BS_INV-02_B_S01,2/12/2026
500011,373998.935,2266166.665,848.441,BS_INV-02_B_S01,2/12/2026
500012,374002.608,2266166.75,848.364,BS_INV-02_B_S01,2/12/2026
600005,374098.57,2266151.366,848.298,BS_INV-02_B_S01,2/12/2026
600006,374092.799,2266151.359,848.296,BS_INV-02_B_S01,2/12/2026
600007,374104.349,2266151.384,848.339,BS_INV-02_B_S01,2/12/2026
600008,374092.824,2266155.236,848.277,BS_INV-02_B_S01,2/12/2026
600009,374104.325,2266155.255,848.296,BS_INV-02_B_S01,2/12/2026
600010,374098.574,2266155.224,848.26,BS_INV-02_B_S01,2/12/2026
600011,374099.809,2266209.847,847.709,BS_INV-02_B_S01,2/12/2026
600012,374095.3,2266209.892,847.766,BS_INV-02_B_S01,2/12/2026
600013,374104.406,2266209.853,847.769,BS_INV-02_B_S01,2/12/2026
600014,373955.756,2266209.88,848.262,BS_INV-02_B_S01,2/12/2026
600015,373948.862,2266209.817,848.475,BS_INV-02_B_S01,2/12/2026
600016,373953.459,2266211.702,848.364,BS_INV-02_B_S01,2/12/2026
600017,373948.823,2266211.771,848.442,BS_INV-02_B_S01,2/12/2026
